mmsi,time,lat,lon,vel,cou,batch
413804828-0,180.98132959962913,20.204763594742655,131.25321000452885,0.48785504489046194,12.971161766510146,0
413804828-0,734.1229988650413,20.144720489533547,131.29045706861294,7.287139322501871,143.45028718385615,0
413804828-0,1280.5401418131892,20.18919665312912,131.2785706315387,5.78400614848178,320.1106902106312,0
413804828-0,1466.0941576875593,20.147830299210284,131.27977119269002,9.445671875895647,90.31775292205401,0
413804828-0,2200.2486660811237,20.08294926991167,131.22028344646225,6.157086578209048,23.325501117973655,0
413804828-0,3607.040057065864,20.04265197869907,131.23643894996871,3.035119661649459,64.74132999994355,0
413804828-0,3788.37603568559,20.20098831654552,131.27933192709696,6.747176728046585,327.2378727634181,0
413804828-0,3973.1623864698,20.075243356758378,131.1892134632997,9.083552419601752,142.125412955311,0
413804828-0,4153.630129133297,20.206724476303815,131.2147043259633,12.187954742295405,30.016818159660808,0
413804828-0,4406.174122430891,20.181772616451862,131.26084531998356,139.72774514050084,119.76740592778377,0
413804828-0,4682.448731452101,20.113830972983667,131.29389866927906,21.577373899420888,54.49448079255947,0
413804828-0,4944.882663029197,20.234917609479215,131.2466562652848,24.859887583601214,108.24077369599645,0
413804828-0,5107.153363000041,20.141988698489577,131.23002433518056,42.97251725542928,243.72837705181223,0
413804828-0,5350.027727518223,20.172298246679603,131.19088007278077,9.142229450275993,261.40263884099863,0
413804828-0,5481.181428845199,20.12903126728917,131.21882079055192,10.580537234789844,36.94196251789977,0
413804828-0,6016.100897808265,20.090682099467585,131.19972522466713,72.50272662506873,73.03999711902314,0
413804828-0,6521.4717466120055,20.125948517338742,131.13697232676483,61.42625842042285,198.0698815235835,0
413804828-0,7062.986461912732,20.1207549682232,131.27718009513612,18.446458434903132,132.23835638737813,0
209351000-0,18.27862396037103,20.830443037832293,130.357754473079,9.580627973114005,149.72399355005447,1
209351000-0,30.489296046714987,20.882874601961966,130.3380992696894,9.534198650530712,166.36320382420777,1
209351000-0,54.793761406013864,20.827826286914206,130.35951604206758,9.535919141712933,186.83984311375804,1
209351000-0,78.25002850959613,20.852649270107822,130.2974250237392,9.539737344891703,172.3471217651425,1
209351000-0,84.52946919640111,20.858538587898114,130.42730979966566,9.540949203216076,156.81404095272578,1
209351000-0,89.59306126663873,20.86786714263053,130.32501421086153,9.491569568463083,181.58189750062144,1
209351000-0,108.65723280052788,20.87672204787163,130.3840837192902,9.59540240821678,177.63714306511784,1
209351000-0,114.13106917884384,20.819510168627303,130.41920066069332,9.590116424897344,176.54216102980646,1
209351000-0,130.8297484368234,20.870083697211303,130.33820583742747,9.55604046262782,177.43905022251806,1
209351000-0,155.67524489112856,20.930742567014835,130.294580794697,9.604715496560747,165.29528965365864,1
209351000-0,175.0428981119736,20.878572382324293,130.31742416754992,9.59185839556915,167.69122114258136,1
209351000-0,185.81698448671173,20.799191051541957,130.35897296069345,9.510422517528536,145.1152298637684,1
209351000-0,192.34402314557394,20.863974364706475,130.33515653442933,9.628047568196664,162.9616819947229,1
209351000-0,205.4202898081647,20.83821435790881,130.27604663809876,9.538062216436433,171.79823260857705,1
209351000-0,216.43338995584944,20.83740836793858,130.34219781704317,9.510183374398657,157.2395902801364,1
209351000-0,240.50721945965418,20.807363695706982,130.3330210080877,9.556206631338444,179.34753315388497,1
209351000-0,245.87528329388152,20.807722062523457,130.39008576982962,9.47241562649924,180.35479631090632,1
209351000-0,269.6720133046789,20.8648939664058,130.25436349501157,9.556881170706413,177.57094253972124,1
209351000-0,275.9382670531536,20.78575487472471,130.36758242017726,9.544275328187789,176.19725721618184,1
209351000-0,295.21272186932373,20.737742848449173,130.32604055414313,9.551974566345594,171.09888934730895,1
209351000-0,324.83468510719945,20.826292835900638,130.3580112926638,9.59410331797598,186.1574133203254,1
209351000-0,335.65337637721746,20.873533278267562,130.32604689682915,9.531316628724086,158.650489818071,1
209351000-0,343.5973616577987,20.82026049456558,130.36902462557433,9.604254135893958,199.71704270395097,1
209351000-0,600.6116993853162,20.791404557467335,130.3268020605963,9.521327505372733,170.30157406366723,1
209351000-0,605.7889495656368,20.78817844257,130.37713637611228,9.489158090472644,169.6820363478984,1
209351000-0,623.4255403913816,20.805238323279433,130.4057182924493,9.521142586227434,153.377416510436,1
209351000-0,654.6142092371714,20.830739760789818,130.4194931168192,9.49059466229205,192.258622801673,1
209351000-0,671.9007974228828,20.851415249045385,130.38156611620857,9.519990000810777,203.01465515761322,1
209351000-0,677.6520267695931,20.794779161048005,130.33905103212433,9.461029136546422,154.34539045118692,1
209351000-0,684.424233096228,20.769001745475478,130.3581610138897,9.523995993681533,187.01104528162367,1
209351000-0,689.9165489582192,20.759120063909773,130.28872451464613,9.548494771575342,172.49382200866853,1
209351000-0,755.10103243548,20.76715424739988,130.3466729856169,9.527292290363485,172.89752107748254,1
209351000-0,766.6504963712673,20.81392255955458,130.28424048495282,9.55823334206687,158.73571195741624,1
209351000-0,773.40377486722,20.821529331324484,130.36522215781787,9.49908548568712,152.50517819672064,1
209351000-0,779.5181394234132,20.722771791941053,130.43332994124168,9.525251821734395,190.57886565647385,1
209351000-0,816.2182664603439,20.77600131713798,130.43278672194208,9.434452132537531,160.30214381825698,1
209351000-0,828.4851102446563,20.745578677338024,130.36233615591772,9.518794288235139,165.29517569985305,1
209351000-0,840.8711976998158,20.772157781356054,130.34539845253178,9.632620476122641,165.33988240044738,1
209351000-0,887.92829049128,20.746534829827755,130.3333454071156,9.432803134542208,147.19895845352323,1
209351000-0,901.0835036924493,20.859184561441488,130.28579089847983,9.4204564143877,142.3406389327347,1
209351000-0,924.0520321011082,20.76966597509572,130.4314912843358,9.429108567997977,162.54131798508257,1
209351000-0,928.5908707953441,20.729567270416943,130.33882969051314,9.42255181245017,146.1432270464635,1
209351000-0,978.768555399372,20.777780664750374,130.35748988755984,9.356348499739001,164.1106998954102,1
209351000-0,985.4770789138087,20.67373869022828,130.37793444046707,9.442946869319865,187.8021838555971,1
209351000-0,990.157686233334,20.7242543170727,130.30821382122465,9.414478196296434,170.26063942910028,1
209351000-0,1002.4207739206273,20.768705124694335,130.34544433519682,9.415206615607815,161.9780970110808,1
209351000-0,1020.8905166447037,20.790655301868807,130.2715907673053,9.544505315234018,189.05438492482855,1
209351000-0,1038.0301359044236,20.823196981122027,130.3786637720438,9.435200017764025,184.44385800706817,1
209351000-0,1044.5592698815196,20.72806533596761,130.3165562159433,9.518146503853911,172.8914063724034,1
209351000-0,1049.0670220692218,20.781690637963568,130.38378506126597,9.454496175118374,146.83885730554923,1
209351000-0,1074.373031797119,20.778093289815313,130.32705841269708,9.40854634459422,169.0387958591748,1
209351000-0,1081.203067835906,20.808574328549227,130.37173066905518,9.475167183206919,197.75767662823392,1
209351000-0,1115.4883150390503,20.83512546157361,130.32238837892692,9.446916259433879,176.08085229445285,1
209351000-0,1128.4745885234706,20.776612713783173,130.32149825053142,9.526075309422692,175.6094765917012,1
209351000-0,1133.4293750402912,20.77514806491984,130.42232560610964,9.52991060408439,162.7346972181012,1
209351000-0,1181.0190278047708,20.73880839710647,130.35824841029222,9.461451426658012,170.45322151978635,1
209351000-0,1186.7782850240117,20.786343466605032,130.3189185667627,9.563941964699337,172.81797544547865,1
209351000-0,1192.7057695062053,20.7243022087671,130.36836810806548,9.463793401388932,178.60116385371302,1
209351000-0,1229.700034769619,20.783906555763405,130.256219492615,9.443552445673514,163.02716788547093,1
209351000-0,1242.5093499465004,20.73587835643197,130.34375858322585,9.425031451883502,182.11067073624946,1
209351000-0,1249.0577077716578,20.797996269443054,130.36464179715608,9.513957279293267,149.23200894537055,1
209351000-0,1266.3074540880539,20.756147094584794,130.3738144538105,9.422998727248004,172.71961762154197,1
209351000-0,1284.263791390995,20.740605483193715,130.3933790669043,9.484093898018704,169.21760534813333,1
209351000-0,1289.1126943759166,20.752817656298046,130.37665420605578,9.424199164313974,163.2721062058481,1
209351000-0,1301.927189678984,20.68003152011965,130.45057878431345,9.465991883261738,172.77120077219223,1
209351000-0,1337.2112121263913,20.75055472159025,130.39835579834732,9.460578295758976,179.17823027329248,1
209351000-0,1349.086165248371,20.737823796204488,130.3815105518424,9.35005971514958,169.969701753237,1
209351000-0,1368.088769491976,20.765806412495714,130.36450028189682,9.499576497272885,164.594221801006,1
209351000-0,1417.0458099731768,20.742576570521244,130.31830589076426,9.439779888262954,169.83594663283972,1
209351000-0,1452.2200495658524,20.71283462416378,130.3425618349362,9.435985998091674,159.66458632231783,1
209351000-0,1470.3358903861083,20.728074883307116,130.29073646065618,9.536743984683936,170.0969545167073,1
209351000-0,1476.7209707406878,20.69519109417759,130.37344740908526,9.46487067063131,167.08511894724697,1
209351000-0,1494.0328931236177,20.84236440780595,130.38247764555166,9.496287391413471,186.27051375470117,1
209351000-0,1499.2748019589776,20.704956635729477,130.3259640323398,9.485566774294712,145.22770416340325,1
209351000-0,1505.6414968792742,20.65153218312503,130.3791725317996,9.478384755113172,181.4754755510387,1
209351000-0,1523.9884904203234,20.674592462209322,130.3972701589006,9.484763450757786,174.14558233144245,1
209351000-0,1543.0038731754933,20.74969410625075,130.41496952880547,9.520442999797595,162.76297157249888,1
209351000-0,1566.1013353307953,20.758251383954274,130.41083360359735,9.488247161461246,167.06909031487072,1
209351000-0,1615.9850278612541,20.705900706341183,130.41424583680455,9.45518874942262,153.0567630484066,1
209351000-0,1620.3967584059737,20.72856073305961,130.2987291393038,9.454220597924339,139.03297402634823,1
209351000-0,1711.0495888888938,20.72789044726867,130.36715670916607,9.407556885788468,166.50003666857384,1
209351000-0,1735.2394406232888,20.704765941452774,130.3405156331416,9.447680342209534,135.68140301350425,1
209351000-0,1753.0763218752247,20.590889316273238,130.43032843283396,9.459989014247187,164.65158383853844,1
209351000-0,1758.7609688902419,20.758261758289013,130.39614446611216,9.523323194587823,168.71064840935986,1
209351000-0,1788.959569454214,20.739432351947663,130.37981605301576,9.503818298513892,155.6629386419529,1
209351000-0,1800.1188992199902,20.657894306269203,130.41015535544645,9.465083272384188,162.86911402857146,1
209351000-0,1818.495183233982,20.726077769989406,130.37694341464194,9.478241043293755,199.67528864308613,1
209351000-0,1855.692892854609,20.715247185406874,130.3475683477516,9.475833434500228,149.7197400086094,1
209351000-0,1866.889380793098,20.66303137542416,130.35304595190595,9.453793852741539,181.07390933162725,1
209351000-0,1885.2767242452317,20.68916509388443,130.3845739820605,9.41072004940803,180.2418286118548,1
209351000-0,1890.1809661429786,20.637695272707,130.3599361473705,9.417944921309369,146.22319261561537,1
209351000-0,1902.3869419597218,20.7415539346293,130.34126609816468,9.473653460292974,182.55677675652734,1
209351000-0,1909.4527891915588,20.641604701023578,130.36676885827794,9.4763163975411,175.5177674298892,1
209351000-0,1921.6904688434067,20.68194652185401,130.4212395068941,9.49288237128998,191.795941569284,1
209351000-0,1938.8342347571822,20.629273505396636,130.38766110962806,9.44108301697152,151.20323666549103,1
209351000-0,1945.542578016938,20.70086643606662,130.40602003118573,9.495919710237011,166.68746969931206,1
209351000-0,1961.8078494656459,20.691464721956425,130.44381853792547,9.417155459188427,170.44045826055014,1
209351000-0,1975.1163326735727,20.65284001249481,130.3807062852425,9.470130599924103,146.77029883322317,1
209351000-0,1993.5053819283369,20.69281936844602,130.3563583803475,9.391476218548894,169.05791541983933,1
209351000-0,2005.8077528603164,20.661630989744282,130.37194018622574,9.470950704393987,148.97425298751554,1
209351000-0,2010.3517796957199,20.75471870549836,130.3837645865405,9.4341892886747,165.8786564066592,1
209351000-0,2016.476197861603,20.68993302761212,130.39840366707182,9.533977109781294,159.72853995669203,1
209351000-0,2034.8111602327187,20.745861835397378,130.32973221617425,9.426793486924241,163.84143823178348,1
209351000-0,2040.589685986798,20.70828036200925,130.35038440745245,9.463896849257301,176.1363971758384,1
209351000-0,2047.4425034132782,20.742431019085135,130.40130357674457,9.474965429188797,190.24620012962288,1
209351000-0,2076.80064921972,20.745077062129152,130.28046800590272,9.51358931289615,200.2774306738345,1
209351000-0,2100.6561968593455,20.66055666110375,130.31426111059054,9.518911544844416,170.0003216560097,1
209351000-0,2106.8963611085364,20.650695033378284,130.36976326096752,9.601701198580459,179.49332792789403,1
209351000-0,2114.015346824515,20.67888527176134,130.34902815925847,9.45959673939455,137.51006267855246,1
209351000-0,2136.7992543706405,20.692964257587,130.38364938395938,9.545025112361117,138.22296223904962,1
209351000-0,2167.3122933789127,20.651045211308208,130.36795112758128,9.492056828121889,167.08892696430624,1
209351000-0,2184.1300610483854,20.714228288969895,130.42211497281312,9.572844822491675,164.8025226209081,1
209351000-0,2201.998898578993,20.716499963936553,130.39409857218823,9.466267673141209,178.23364494226865,1
209351000-0,2215.040303090764,20.57776729899656,130.40643493192113,9.504131825717483,165.21692468061158,1
209351000-0,2226.9177444486572,20.746878169184157,130.4238950437318,9.55562514859379,159.81254166580624,1
209351000-0,2233.487409251361,20.661009914301285,130.41262663614893,9.51728440933792,171.1222805417466,1
209351000-0,2245.062684432513,20.63983198537174,130.37126976798427,9.534513244565993,143.6460099838621,1
209351000-0,2250.474324349156,20.678764685331835,130.4342657222131,9.538308240208021,156.2574157962708,1
209351000-0,2256.6121408234126,20.693875936731967,130.3737904180309,9.501964569053166,166.41879162226735,1
209351000-0,2269.3291564613346,20.669193514920636,130.3575127525504,9.486658737109545,165.7008986452504,1
209351000-0,2275.0592884448865,20.67637898094514,130.34673999444868,9.454074285962399,158.4366011438424,1
209351000-0,2286.758018077604,20.72736644109348,130.3570731639795,9.550557770181543,160.21881462538104,1
209351000-0,2299.328736761003,20.730436635111516,130.38558047421066,9.543097729870839,171.96435420108594,1
209351000-0,2305.0676783042354,20.62059214014825,130.37409601591483,9.460882567304076,168.18580255056088,1
209351000-0,2309.426928098828,20.711586084968474,130.37389583863748,9.533706285466899,156.16150530888203,1
209351000-0,2316.5915778118742,20.67751993464674,130.36673148153514,9.512132132209207,159.87337210711493,1
209351000-0,2322.03564188752,20.680401756058163,130.35631860012663,9.522078741410734,160.78809643634085,1
209351000-0,2328.8834649829687,20.607943948701493,130.32171953566603,9.563934061120095,166.91502296028602,1
209351000-0,2335.5622781267575,20.667417284302378,130.40863738529572,9.510668297345946,166.31268130783863,1
209351000-0,2377.039622697571,20.603204334200576,130.43507956335898,9.5288240404643,155.86740026353266,1
209351000-0,2388.468811671029,20.628976833958482,130.3985014764853,9.563516803583234,150.51672281874278,1
209351000-0,2425.2108618497596,20.653502370492884,130.3787878730199,9.550403234564117,175.68749765681991,1
209351000-0,2437.4098477349676,20.653068349006837,130.45724189019015,9.494503484047023,172.61229903112076,1
209351000-0,2442.147237639288,20.64163626380652,130.323656437377,9.518525381187889,150.36936675787246,1
209351000-0,2448.573210214984,20.616534542306155,130.38940477366523,9.478563556759468,159.38037578951497,1
209351000-0,2496.693710891111,20.637284955836076,130.32163093849508,9.532165244637515,146.7655234932059,1
209351000-0,2514.5238470814415,20.70038005839944,130.35496860220798,9.53130263799944,153.48898492358924,1
209351000-0,2525.7440570425665,20.663355558555484,130.38315973552426,9.559510220639856,146.57577287144466,1
209351000-0,2532.9852624953814,20.549463482803784,130.37725115833547,9.59557782712153,158.91461513369842,1
209351000-0,2574.361446365969,20.692196628931175,130.36686777018903,9.549930600332019,147.61345469419487,1
209351000-0,2581.6614731251534,20.67421860809596,130.35679827849862,9.552283178479401,117.93145268570699,1
209351000-0,2586.7274357427514,20.688436830306333,130.32183458449367,9.519002405320807,125.82576854410627,1
209351000-0,2605.909668874366,20.63826636895149,130.40576752175127,9.656167599094822,136.12795737036538,1
209351000-0,2611.44410174896,20.62222518073871,130.40366516292724,9.54536068109314,137.7169293727581,1
209351000-0,2634.819844838126,20.652267144748837,130.38538208152127,9.5409887502045,145.46798503058085,1
209351000-0,2640.9225876811693,20.623908951492115,130.28916869826458,9.621432264362815,144.4520090031551,1
209351000-0,2682.107761110978,20.62796956991344,130.41671887112742,9.582846931321884,123.10681007716671,1
209351000-0,2705.2511856924366,20.57915323081803,130.4399888971853,9.566677691582896,129.2370682860449,1
209351000-0,2742.179065587309,20.655493312179562,130.4690075770608,9.581347717210491,134.09084648374787,1
209351000-0,2746.7140755616574,20.673768974956424,130.34085648478555,9.689701249001962,120.46280320059634,1
209351000-0,2767.796952494395,20.66167083226431,130.4502096516703,9.702769614438573,128.6674244319559,1
209351000-0,2784.8450919690963,20.60993410239868,130.42268186186135,9.693065866668544,115.50381082945266,1
209351000-0,2791.3164438823737,20.708926594402982,130.42653941161024,9.73270715503696,154.39249389957948,1
209351000-0,2815.38856162033,20.599425670910673,130.3520097596451,9.662535614719447,130.50447537129577,1
209351000-0,2821.593631545175,20.643056457774232,130.38878839996326,9.68365159238851,153.36268248290136,1
209351000-0,2839.1512610659624,20.653192034481496,130.45033830600306,9.66395970862395,147.76251665804523,1
209351000-0,2850.981275926311,20.623839670600816,130.46991969159401,9.719155199169261,119.180220547508,1
209351000-0,2875.5893738867235,20.610898154133956,130.43072570534983,9.682847453151457,106.35024705888068,1
209351000-0,3121.3076177869398,20.591485257106818,130.48460030299728,9.707754954894664,130.0723369476232,1
209351000-0,3145.799350637593,20.61163675832591,130.3877260945228,9.677533629542138,130.73462568751032,1
209351000-0,3150.149579594675,20.56833431150664,130.45217677112774,9.656992552646658,113.96732576600087,1
209351000-0,3155.3739713876676,20.572835488958226,130.47118598624692,9.622280149816312,129.04569701617456,1
209351000-0,3161.558261856711,20.60786820524013,130.4161144014245,9.617081268873408,137.47976129931524,1
209351000-0,3193.055643205098,20.624848530534024,130.45599542781434,9.675106156501155,129.85266641975795,1
209351000-0,3199.2897105033176,20.595103232145576,130.40304949252769,9.68501557416363,115.3821512964648,1
209351000-0,3234.142790835935,20.59730825985307,130.49156289924068,9.727075694204363,120.41645675814343,1
209351000-0,3239.794407549117,20.643495512313816,130.4654030023396,9.623750966335326,126.40442726970309,1
209351000-0,3251.926006242593,20.526241974567295,130.45049095485112,9.71570118555321,114.25248312131798,1
209351000-0,3259.641842949389,20.611296840757415,130.39724600341884,9.69148362177234,130.0833880294389,1
209351000-0,3270.5515657974547,20.65935512053111,130.41814962009295,9.642964577633085,144.7977280235449,1
209351000-0,3288.986653239052,20.573263569251075,130.41970799338162,9.67728647041751,131.4294745056059,1
209351000-0,3306.8516547702798,20.506441471458054,130.38988886120538,9.638269227458066,125.02930973312498,1
209351000-0,3318.266094657584,20.604326342031467,130.4316507795942,9.712021480134606,165.35835043765206,1
209351000-0,3331.4115850296184,20.639426594166878,130.48803688481067,9.670500222466977,150.89302525888533,1
209351000-0,3336.633260980809,20.584275533180147,130.4177028026305,9.704463684915188,138.1847696463609,1
209351000-0,3354.653515824458,20.706580976543407,130.43647809384578,9.648085521355023,125.64154028395392,1
209351000-0,3361.497290337676,20.610437157795555,130.44360264194611,9.706189868054667,127.02097615012309,1
209351000-0,3366.557312953708,20.617727725863826,130.46299576615579,9.627374908187738,124.51346958412759,1
209351000-0,3390.6867884802878,20.617558921407436,130.46748709840998,9.679414578005582,92.15412246389226,1
209351000-0,3403.182215456668,20.606991315266264,130.4603404229199,9.736440793326965,129.33111636760498,1
209351000-0,3451.1909720084063,20.620756129916778,130.40641181493024,9.78020934223342,136.87238285464073,1
209351000-0,3462.878234908355,20.60342250742551,130.4177415179554,9.664183227945715,124.65037193799303,1
209351000-0,3468.4803017903064,20.572025231933967,130.4164589497156,9.682219466118488,134.7415989456604,1
209351000-0,3486.232035375672,20.619384744159966,130.45399730020867,9.716539128393727,138.60701954629633,1
209351000-0,3499.0917450960683,20.65564849851079,130.42876327617216,9.613458923942595,117.99142297565614,1
209351000-0,3503.84665654691,20.6495249323911,130.52734516933307,9.65338625029494,138.11034110426925,1
209351000-0,3517.2346767613076,20.559603564178108,130.44598628412646,9.632716895510821,153.63759139454658,1
209351000-0,3523.5497359964334,20.539436128773662,130.4415486796754,9.657232232746582,113.78080544411866,1
209351000-0,3535.8149496994715,20.565190086632004,130.52214159914138,9.634471268491978,134.3959298844121,1
209351000-0,3545.982990942238,20.59981655885075,130.4663621784981,9.716044373451995,128.73318767213283,1
209351000-0,3564.1692422112164,20.601615771884024,130.48014530211444,9.687367099570565,146.00335460285723,1
209351000-0,3571.065914293919,20.610141457392345,130.48328978910308,9.649275566700254,136.10235818818373,1
209351000-0,3582.289994588135,20.50569499603431,130.44404941578313,9.714861566059096,122.24044471547657,1
209351000-0,3606.1510668424703,20.639749258460146,130.39396013827294,9.695740572803043,121.48956840956025,1
209351000-0,3612.8734739901706,20.623683919516555,130.47705125412006,9.684743805775632,116.55406102476358,1
209351000-0,3618.5690382686403,20.575495363028825,130.45284682074188,9.633408151371924,109.47031499477535,1
209351000-0,3630.9838038125104,20.63696493935725,130.4777439958559,9.649588117174812,159.3275437021274,1
209351000-0,3643.1401964735624,20.559561725814664,130.48269594114132,9.637061723604857,124.82874815806609,1
209351000-0,3660.9357362942937,20.59493280768446,130.4566336434871,9.678501069176383,135.87115100838787,1
209351000-0,3665.733938440243,20.52727350321556,130.4392174786471,9.666422563353228,137.25729006103103,1
209351000-0,3671.8588814901514,20.545756249490505,130.47539946177457,9.63417571675249,116.88181467905169,1
209351000-0,3678.96965485145,20.564169598251258,130.3979029779748,9.678490693107902,132.32212160658042,1
209351000-0,3696.6878608651487,20.59208694922295,130.4802788006169,9.709680828141805,141.8015174219388,1
209351000-0,3732.4298841504647,20.58935210594986,130.51861994987712,9.758119007422954,138.654860767146,1
209351000-0,3745.199958657275,20.56902171692214,130.51406423932028,9.649669716823418,114.17646914603435,1
209351000-0,3749.798624946845,20.683319884776555,130.4403451777359,9.681726566873929,111.25310735884123,1
209351000-0,3762.6835604452413,20.543198622562542,130.46843611028604,9.634203485042141,136.44085802003266,1
209351000-0,3768.857974360774,20.58710727267125,130.42121343699205,9.66187631073456,139.59138531845414,1
209351000-0,3781.2897251732093,20.565309563352073,130.53981372787118,9.661955600961289,150.74224352626152,1
209351000-0,3793.465726130182,20.577388333448962,130.4083635339365,9.669346213967748,136.6532468006458,1
209351000-0,3810.024706944244,20.630838138167615,130.38958752964788,9.73662549069318,124.67460592842015,1
209351000-0,3852.4027704631535,20.59351178615916,130.46260948909307,9.757424321800537,132.95304053982838,1
209351000-0,3877.301108015388,20.59296054227215,130.452510735543,9.696967239308373,131.64485589092075,1
209351000-0,3889.003635561194,20.65032405847644,130.5132857058699,9.636574162317729,129.57083271822816,1
209351000-0,3893.9755257546585,20.526700240527447,130.35319761804826,9.69907689779086,105.55719151591927,1
209351000-0,3912.0722168088087,20.549718104350152,130.48402592695635,9.615474118816941,88.26174299162916,1
209351000-0,3942.6038035055,20.542657707228262,130.5077688856097,9.691931249200842,119.97593099061363,1
209351000-0,3947.873959834806,20.64487326085475,130.44876964026523,9.761256132197834,153.75839124260668,1
209351000-0,3985.0642079592444,20.52398642094934,130.583968841118,9.68607583743144,117.2193845680766,1
209351000-0,3996.9699934425844,20.578936281492116,130.40314475661623,9.702307982507254,132.550416684897,1
209351000-0,4003.3118389037354,20.60019106706771,130.53183238387462,9.646631129852999,153.48945467586026,1
209351000-0,4044.7447198184677,20.541356671167886,130.44257835811808,9.692217543249921,134.5307929097555,1
209351000-0,4074.1673665454487,20.584037724917696,130.47766348964478,9.63404625961172,108.1531576174946,1
209351000-0,4081.036576893606,20.540362318848814,130.50822311242376,9.61353180824576,107.36410181180668,1
209351000-0,4086.1265017179544,20.610187763259855,130.5521063061232,9.697202892660286,114.0517969862449,1
209351000-0,4116.555378220856,20.50344551366811,130.48782183434807,9.649583297513093,118.74221505640074,1
209351000-0,4158.317844683418,20.522872213616957,130.51488459220067,9.687882647652273,154.19300531864462,1
209351000-0,4188.652710475856,20.55309055834266,130.60740454103941,9.57414067127323,130.59915100180478,1
209351000-0,4195.74582281078,20.55334448878367,130.5657593847633,9.57634982567037,130.6873267167694,1
209351000-0,4218.492596747699,20.586070829224564,130.47734108222485,9.662268200265943,122.92136031886733,1
209351000-0,4225.289531280505,20.613395296822755,130.48798651459552,9.579456453245779,103.75016727058016,1
209351000-0,4261.318484986136,20.525705652602074,130.53620084773164,9.674334575814477,100.96086014858086,1
209351000-0,4272.223044123609,20.559491702086575,130.46186722586685,9.759548244249457,149.32962903673118,1
209351000-0,4290.8999874953115,20.560135765991316,130.50825745494882,9.706992109138948,129.96638781278554,1
209351000-0,4303.202287461759,20.495208903375428,130.56488524721917,9.688598012101636,137.53164062715487,1
209351000-0,4314.646016635411,20.599082249396997,130.55933329453765,9.755081538426353,121.65885320028437,1
209351000-0,4326.719725073804,20.429555074597523,130.53460341627627,9.628854484913338,121.1881553434658,1
209351000-0,4345.044347968247,20.584859944111738,130.49685727886072,9.726473396076907,115.21674898735803,1
209351000-0,4362.763728045332,20.555327600836222,130.49007360075677,9.603428285155571,113.5060728169559,1
209351000-0,4375.152147298694,20.44549503089398,130.53356634919436,9.680931310617247,131.79278712604054,1
209351000-0,4397.874527599252,20.48828731202689,130.4583288974686,9.639107174298779,118.9228737353227,1
209351000-0,4404.383223312648,20.51582141180113,130.4933678461879,9.717508052728258,116.65123886167842,1
209351000-0,4434.626595276424,20.521111930435143,130.53646050321547,9.769318151444285,144.2933794320864,1
209351000-0,4459.332897548257,20.49906272669883,130.55158199356487,9.709002322828844,118.7983013119203,1
209351000-0,4483.117432746338,20.561507249758026,130.53451093234355,9.72546162224769,108.64591344389228,1
209351000-0,4488.998192273251,20.454156631988084,130.50514693998858,9.739299406702806,127.30746384811059,1
209351000-0,4513.680288811481,20.567419689789215,130.50932462783942,9.672512164062143,115.38031126104353,1
209351000-0,4543.370929984981,20.500090116567943,130.59577759996262,9.671253114259715,106.49380224919636,1
209351000-0,4555.155919949217,20.564454465233528,130.48115906662812,9.755595620167867,114.28319748116137,1
209351000-0,4560.666254076425,20.529785927526348,130.5304723761125,9.686761202511441,138.964712182221,1
209351000-0,4567.3213925370055,20.551247129457764,130.4732468455084,9.685592261689226,110.24584670590538,1
209351000-0,4573.301109234133,20.552915790493362,130.61622089434022,9.682749342779662,126.35564431352847,1
209351000-0,4596.933797072502,20.530712307694124,130.53602027591756,9.675663837098726,120.4447954102505,1
209351000-0,4615.101764295697,20.58953151721258,130.53543352650144,9.723941703939248,113.1463601032397,1
209351000-0,4620.439980637032,20.435582383661632,130.55540532384362,9.726273820516228,116.99499107750566,1
209351000-0,4633.388163601009,20.540344049907922,130.60384231448708,9.701833228110274,111.5187746015869,1
209351000-0,4649.883888854079,20.53284738496983,130.47431588480566,9.62819665379559,111.89575892633914,1
209351000-0,4693.129122826833,20.483664639599777,130.53780961663813,9.663564573523765,143.85652477216485,1
209351000-0,4704.152224178818,20.481291732407165,130.50728144642963,9.675078041744344,122.43079125936761,1
209351000-0,4740.090774421666,20.56461247482032,130.54973011366232,9.664887071971643,116.36585786713991,1
209351000-0,4752.184318033143,20.500079065986156,130.48788205607843,9.722348419614088,133.84768702142281,1
209351000-0,4764.344097808607,20.540363941797104,130.60117928846378,9.638475467092197,134.55447236766443,1
209351000-0,4848.9071396061445,20.496979923993354,130.52385139567855,9.739457436521278,145.0698668468944,1
209351000-0,4860.559175857791,20.51805808820634,130.5086980349494,9.71100114326191,112.16360629876208,1
209351000-0,4877.809301707121,20.563856277635665,130.55695230281646,9.634358696930873,110.20104970219435,1
209351000-0,4885.412051858563,20.536054761697923,130.5382963833102,9.596080446576755,109.70027563326205,1
209351000-0,4890.95733335827,20.51825570139801,130.55077423920952,9.615818373442185,151.6273530265455,1
209351000-0,4921.04896239289,20.515763809842856,130.5547619292107,9.649865169089928,97.64370377766781,1
209351000-0,4932.9923051909545,20.50092401080737,130.52921115131036,9.657042737008133,118.01254005070517,1
209351000-0,4961.300400551092,20.517034836573398,130.49378359822697,9.645742516974156,148.38790034991706,1
209351000-0,4968.5905301022985,20.45307822520484,130.62564063340284,9.6277708132186,112.63139583215504,1
209351000-0,4986.690224159428,20.540064933299472,130.53039189510008,9.605020314448428,124.12785684577423,1
209351000-0,4992.903710977566,20.486354101890203,130.5813702679375,9.635667150226414,141.60277757290217,1
209351000-0,5004.714152633525,20.551085156822865,130.51430402014444,9.680882445842606,151.47515876353782,1
209351000-0,5034.2528759456645,20.486705829634726,130.6012238914955,9.723754669120797,134.2402112234372,1
209351000-0,5039.49388258768,20.46405302104291,130.56561293779484,9.707985683915933,113.34029891218341,1
209351000-0,5046.176203986686,20.522744496186267,130.5559632426764,9.628081208389778,116.29516383449531,1
209351000-0,5052.323380170848,20.50335953561269,130.61673971902127,9.641861824485694,110.22346264959803,1
209351000-0,5064.147544288966,20.534623607796338,130.58039715111138,9.694350355290618,117.54754465712358,1
209351000-0,5068.6279524442525,20.553585882076405,130.57852108977087,9.7169177372357,130.76518474468534,1
209351000-0,5101.50711889745,20.52754052043705,130.55988375681497,9.71742826993172,109.3874662087145,1
209351000-0,5113.658237384116,20.540462580454616,130.64041756901364,9.673267008340115,131.80861199339836,1
209351000-0,5131.609692287388,20.449359089396903,130.56900583341567,9.666275525934932,131.09509168396875,1
209351000-0,5135.287146495363,20.492059354507127,130.54624079258608,9.679501863825449,129.0014174234683,1
209351000-0,5149.277923202848,20.45633197422633,130.58590335330697,9.70601441032847,122.76320231070396,1
209351000-0,5172.768388644555,20.58565347269171,130.5690084520031,9.60756276810211,122.35098452899531,1
209351000-0,5196.527668960823,20.489652696555822,130.63184682849163,9.707953183317088,145.8499064145753,1
209351000-0,5208.034662916519,20.475845734845787,130.57605229490312,9.633855282426694,121.79933414791526,1
209351000-0,5213.952150398519,20.554333407362535,130.61537097808204,9.644692215587265,147.50858080185364,1
209351000-0,5220.849752796723,20.53315329297796,130.6041630784449,9.67292596851315,116.73239516110915,1
209351000-0,5263.055299172133,20.541891860000664,130.52636674450207,9.6935642571543,140.4530443384686,1
209351000-0,5269.601138013114,20.486297885866996,130.52420762990172,9.688670728032166,129.56047289987384,1
209351000-0,5305.137026841198,20.48012795988203,130.55837328524083,9.721776381272509,136.23589820365365,1
209351000-0,5311.04023323328,20.47717868555888,130.54747967590217,9.697523685349484,102.45162284445179,1
209351000-0,5340.619020545153,20.523836853961694,130.60565412622714,9.659515908618783,110.12653488960379,1
209351000-0,5346.634753812571,20.488906789851843,130.5517806027416,9.648109653738167,111.6288978003679,1
209351000-0,5352.756372999959,20.54811982591433,130.58423358588607,9.62302100916175,124.0917613515577,1
209351000-0,5370.37926213755,20.52536991917275,130.59186802065457,9.682184057967017,120.33633171813273,1
209351000-0,5383.71970784983,20.502989391750457,130.60278451082647,9.552996050369186,116.15720907184897,1
209351000-0,5388.195845700303,20.509399043043004,130.56768269199972,9.677167222273585,121.38820838520859,1
209351000-0,5400.9128117936325,20.496508268208707,130.5783860284503,9.613559882341798,133.0363294493171,1
209351000-0,5411.895159781447,20.49544341836133,130.55327358900385,9.753580965515015,139.7708973415416,1
209351000-0,5424.475955664787,20.495439900302948,130.59540631984532,9.697569641578504,128.8909350460837,1
209351000-0,5448.674750411059,20.56326156357154,130.60941138394554,9.614816912749571,104.82339723055924,1
209351000-0,5460.939527340502,20.422277367542442,130.58363327202514,9.657050801865891,109.8126254595176,1
209351000-0,5467.856589868457,20.491220610332313,130.5608103946296,9.683619056578666,128.3717571983011,1
209351000-0,5478.907899933775,20.502133652232573,130.624924253496,9.691382189465912,102.27263964962016,1
209351000-0,5483.990199504599,20.53433804509946,130.5789058268704,9.7085209220205,135.14636612051933,1
209351000-0,5491.065748671237,20.50249351833758,130.59238833578453,9.630937216684224,134.11119249071155,1
209351000-0,5502.227631365122,20.44664242703283,130.62768860486977,9.698646775900553,136.49013309456026,1
209351000-0,5525.488600762069,20.45956075981322,130.59990244569727,9.649942800120284,133.87604050313553,1
209351000-0,5532.574513497165,20.467738525568862,130.55520644141868,9.650133256401494,143.16543919037815,1
209351000-0,5543.816094279141,20.473573968496105,130.5287942541342,9.70477682827522,127.69425362061615,1
209351000-0,5551.125974490783,20.44496098037151,130.58792819261143,9.737528711573038,123.7964620832455,1
209351000-0,5556.352369462375,20.433755783543422,130.62815983592486,9.818053978859886,92.25314636002403,1
209351000-0,5574.099304610676,20.513917906412765,130.6071846339465,9.603129042764813,125.477903359852,1
209351000-0,5580.5062838155,20.516387630118487,130.63131478104225,9.697558992567828,117.17761590274607,1
209351000-0,5585.744361261205,20.45866936155574,130.58991045938555,9.69861903515571,127.56378039622291,1
209351000-0,5599.12437610376,20.464350601708613,130.67045263005608,9.714713077349282,118.3682319234094,1
209351000-0,5604.154353549238,20.44386464763949,130.53389181680097,9.728712300876708,125.16359856176301,1
209351000-0,5611.4477880584345,20.50093609982364,130.596811394355,9.726373550442018,138.0893164770782,1
209351000-0,5622.585508751319,20.448792065097297,130.6468143788446,9.685978705663695,118.16550314761398,1
209351000-0,5629.304392788819,20.4773197877593,130.63175879995913,9.737990810290263,127.29524695004302,1
209351000-0,5634.588592270064,20.50224409303112,130.62017117769972,9.674165792706207,112.61062748177662,1
209351000-0,5652.684227278816,20.454861873328003,130.61949828601198,9.752258331628845,132.54946420752685,1
209351000-0,5664.325992306739,20.498275965167977,130.60664972387806,9.71217191918394,126.81408426117677,1
209351000-0,5670.963818982762,20.496649385182202,130.64023280417896,9.73030208717536,125.53381657755727,1
209351000-0,5712.988517222097,20.488092347547624,130.56940617082427,9.710291511342925,124.19847712661716,1
209351000-0,5719.206425433266,20.45844439787998,130.68889245016507,9.606922386004713,126.02523962556526,1
209351000-0,5749.193987360782,20.448085117510757,130.61841467120328,9.745103810833022,110.1199603615787,1
209351000-0,5766.018199124877,20.490914233515042,130.6379419146008,9.817543661735106,121.9327821885068,1
209351000-0,5797.203434849073,20.425000006650144,130.62612245959676,9.760713774175137,116.64259841818537,1
209351000-0,5826.293921892818,20.505139513022705,130.6572498829955,9.779141014889898,127.51266013759994,1
209351000-0,5851.583550520124,20.431384130758293,130.65277329334995,9.722032154880914,117.660420610503,1
209351000-0,5857.6925577794345,20.51444919259797,130.6766360245491,9.756702361515146,118.64685570864886,1
209351000-0,5863.028675147368,20.488264629366707,130.61812739016221,9.65163676581674,107.70924328162238,1
209351000-0,5886.193198084658,20.436319435096202,130.56837633664597,9.775750674966387,116.47319151820643,1
209351000-0,5904.520743515337,20.466302400801897,130.53206299015773,9.675987510165015,143.85167867682392,1
209351000-0,5910.230359950041,20.468263192426136,130.59832480862357,9.715591532910308,119.06328657850833,1
209351000-0,5921.810730428742,20.41909176378955,130.6898356361699,9.7195503349026,106.2932698548224,1
209351000-0,5935.52806138471,20.447580805152317,130.71362022653955,9.723776197004623,130.12857022682658,1
209351000-0,5939.937196235024,20.45019247629222,130.66405674101821,9.677638155516378,117.49535147507586,1
209351000-0,5952.917346654556,20.486465224311903,130.65743099163288,9.659847972149086,112.16222888251077,1
209351000-0,5957.84607566825,20.473115737686236,130.6579049449073,9.78175486262729,129.3661083941268,1
209351000-0,5976.895136303716,20.40422405822176,130.5292508160643,9.719803356706864,136.73844154222036,1
209351000-0,5988.8448529906755,20.46478327252549,130.66461841712658,9.784593383297182,159.74290775561133,1
209351000-0,5995.813148273386,20.457408122211582,130.63789141499092,9.744779606622119,122.14024970515652,1
209351000-0,6005.6373267818635,20.482572148408266,130.60228385474136,9.693163242028882,121.67218142137149,1
209351000-0,6013.159685365507,20.491094188396698,130.65421474705394,9.730824533101984,110.36509104556465,1
209351000-0,6017.766950425296,20.45525000002688,130.62983632913088,9.737755452825267,164.929140758291,1
209351000-0,6025.217039524423,20.47594492696429,130.643040005684,9.705303022556794,129.59133226778854,1
209351000-0,6031.271279697773,20.49004805902561,130.61070027921076,9.727219110108601,129.89114626910273,1
209351000-0,6036.279286171223,20.460564692041046,130.60914306876253,9.772617731392943,110.93163310631763,1
209351000-0,6060.851454514985,20.444480899099265,130.67469612364266,9.710904669468556,139.73096385875232,1
209351000-0,6066.043543554668,20.448142765072912,130.62418449763447,9.641222218229293,117.43095023471436,1
209351000-0,6078.273435624731,20.41680518973401,130.55764010769678,9.684711017660913,96.05374192684644,1
209351000-0,6091.412079130638,20.48129602829326,130.66218084672548,9.692330427082977,114.18829664686034,1
209351000-0,6102.5788633578795,20.45373090589223,130.6513898436031,9.778132964380855,136.43103485583697,1
209351000-0,6114.2929531954205,20.48152215268192,130.62924043448618,9.740789036649778,98.85008473585478,1
209351000-0,6126.24679184843,20.459695647362253,130.7058443148805,9.735124735469439,115.69681142678321,1
209351000-0,6132.340600671721,20.47388726136025,130.58706377873506,9.704043198787714,119.63450295422618,1
209351000-0,6143.801547025609,20.48316711041682,130.6932581807779,9.68185130231589,126.68047916221667,1
209351000-0,6149.642432914413,20.484686658016113,130.7082568392189,9.717078168567898,143.65632633045124,1
209351000-0,6156.278538677185,20.450953296319533,130.6678329499967,9.714826798265635,105.78469886244991,1
209351000-0,6168.756085074104,20.40169794345376,130.68284406733187,9.718966514426173,131.01362747981813,1
209351000-0,6181.405127048971,20.4375745841467,130.68292993201663,9.717411605469112,154.55915903632138,1
209351000-0,6193.409340981662,20.453739399147036,130.70804823149928,9.703241805693452,124.51059434303124,1
209351000-0,6215.857366790648,20.487184279675407,130.70100436117872,9.65462711825953,136.44771369273022,1
209351000-0,6222.103329140981,20.41746561276064,130.62310548996192,9.705595213772513,111.53561286552547,1
209351000-0,6229.365770261764,20.386929882106497,130.65044710480234,9.693175181142061,129.55860467656123,1
209351000-0,6246.759561870079,20.52975547687151,130.68233485503762,9.777830577564123,140.265050562386,1
209351000-0,6271.455767704862,20.45978621446249,130.55200937337932,9.776242927608816,141.96493516053235,1
209351000-0,6277.321414307652,20.474416755612474,130.64464230648358,9.719090968871582,108.52285727698876,1
209351000-0,6288.060714332778,20.42185900418571,130.67540941038897,9.706147248823337,118.50140527406974,1
209351000-0,6306.332462532563,20.385259336038686,130.70951526490458,9.755329394847505,137.1081703682129,1
209351000-0,6348.117443133973,20.36835393921284,130.5563974468561,9.701201684575135,110.77682312187085,1
209351000-0,6378.4345451528325,20.4241477761475,130.6741985377509,9.75566527672805,121.21455140262373,1
209351000-0,6384.845347576452,20.469607115587902,130.62425488759067,9.728859368174017,150.7100087690315,1
209351000-0,6427.454468282059,20.395371053026054,130.5895348267287,9.71250578079688,151.41182009504047,1
209351000-0,6439.280773207872,20.525721784841643,130.70189961853512,9.749548040076867,137.98231636694055,1
209351000-0,6444.8201145216,20.492162179390444,130.6845757512847,9.675158749633866,134.77010501346695,1
209351000-0,6457.149435023854,20.456651979234337,130.64939512482547,9.663628613160382,135.976907069259,1
209351000-0,6480.701404631985,20.45205506371152,130.58906300033908,9.711429150739784,116.18441655832586,1
209351000-0,6497.238105015358,20.481198525402466,130.6720186326762,9.593717748063835,105.76371793411867,1
209351000-0,6521.893428209965,20.488242916179857,130.66947998945275,9.698309115888545,125.42834086530799,1
209351000-0,6534.136361339716,20.4182835149696,130.7050916761113,9.658160072666897,149.16628287111007,1
209351000-0,6570.716416649419,20.44360087183272,130.71265774376252,9.716954043748098,136.36655806582476,1
209351000-0,6576.811448942983,20.433769902105844,130.6883415038221,9.669765607658874,136.27594659019215,1
209351000-0,6593.754733481257,20.440405682397003,130.58796472318082,9.749439279701203,142.53345294389155,1
209351000-0,6600.8482731663935,20.418371481668974,130.72132074439736,9.6672187802466,108.6406765723671,1
209351000-0,6611.620308309903,20.41734880782667,130.688187846126,9.692854470060759,167.88783047219314,1
209351000-0,6640.995924484308,20.50258744072016,130.66235863012142,9.665297736414479,120.19548106144761,1
209351000-0,6701.359916698881,20.38613145761967,130.6345580128301,9.69273254790092,128.25681820185773,1
209351000-0,6726.812136541338,20.473578925494074,130.70613712448537,9.683605784057628,128.15892682904155,1
209351000-0,6763.276928896704,20.447697465659363,130.77388877432247,9.658464280772778,125.79914694559528,1
209351000-0,6769.18414144701,20.468222774784003,130.73285382993126,9.658323008872944,125.71045781486868,1
209351000-0,6793.391524549248,20.380262282816464,130.7372271488743,9.69693928558693,115.14859475603552,1
209351000-0,6797.485518583297,20.430657914399088,130.75172253778123,9.808856304310982,126.9115598900766,1
209351000-0,6805.432149569023,20.38838298732645,130.73937598771838,9.708517151026292,103.76555101798066,1
209351000-0,6810.801738068578,20.416400579719838,130.73789365169839,9.721278552824979,111.852552815762,1
209351000-0,6828.160129006638,20.35946235241416,130.68858512448585,9.691490780513226,112.50434909356105,1
209351000-0,6871.54000493429,20.488166674274154,130.67449044413283,9.661532107216969,138.54606439418905,1
209351000-0,6882.560874862332,20.408510430289866,130.6443586965078,9.634689471102355,129.04433798435164,1
209351000-0,6888.605684838026,20.363697555642116,130.69787280568977,9.668148082161284,107.7222483247264,1
209351000-0,6894.261306005394,20.378597069180334,130.71199227474716,9.665460147345001,133.1480377197802,1
209351000-0,6906.807637337037,20.4037810539214,130.64881684144194,9.628255147841061,112.80628405419611,1
209351000-0,6912.327308455811,20.39489428955298,130.71006507063285,9.669738470410943,109.48870413397961,1
209351000-0,6930.950688353923,20.41093835122318,130.6808932812254,9.635539857288228,132.04724656188384,1
209351000-0,6937.328464394548,20.438701519271046,130.75676934585357,9.687909324892088,124.25419287223188,1
209351000-0,6943.115855840998,20.394676263399166,130.6642687590162,9.715658259090583,119.49704108327259,1
209351000-0,6967.272947812516,20.418125880680645,130.73953932006015,9.686218872417696,137.91459783561936,1
209351000-0,6972.492271922407,20.413425298687134,130.75353434397573,9.686961107485038,120.32600115752308,1
209351000-0,6979.47468423523,20.399396738472195,130.6301876841381,9.705055954123747,146.98837216928044,1
209351000-0,6991.042721994148,20.44542009584877,130.67169534914453,9.692359247287127,129.8839336022594,1
209351000-0,7002.610382680609,20.4283619004214,130.7247300292264,9.690570658547122,125.07326256890444,1
209351000-0,7014.606197724384,20.436434374919724,130.62923173459845,9.73728182410035,126.43946603994546,1
209351000-0,7026.832480793636,20.419588391044734,130.69301823113608,9.693329804084359,123.14869890792568,1
209351000-0,7033.161849963389,20.373389176502435,130.73471552720218,9.655754592586067,119.32778859462516,1
209351000-0,7039.641469131042,20.468643473066667,130.70666808566193,9.645079635777483,137.78869238249302,1
209351000-0,7050.909520739043,20.367408192376097,130.78655202004987,9.672164370384717,154.12749106550424,1
209351000-0,7063.296610701658,20.457102749686367,130.76366426137062,9.72284919668445,118.82077207987825,1
209351000-0,7074.626990732747,20.34087999940592,130.73875063673927,9.778284219219831,122.23455358665426,1
209351000-0,7079.682786318218,20.393125215907975,130.73439365294206,9.679503082696243,131.51806573921516,1
209351000-0,7087.659074619235,20.372997966138556,130.7423892281947,9.818875951763628,141.37308195759715,1
209351000-0,7104.815396495774,20.43416376867826,130.79100489117138,9.70755370154975,107.12327211476571,1
209351000-0,7110.57925639633,20.423393820782568,130.6974986234835,9.818292499063144,124.2538217516453,1
209351000-0,7134.769528365542,20.389798948997363,130.75065455648374,9.635901629773377,137.23972122480038,1
209351000-0,7140.297338769212,20.38435441594774,130.69465770604825,9.674129627228217,85.09709028754284,1
209351000-0,7170.755731566355,20.361050803302525,130.6901182961043,9.688321911665243,141.53809582383204,1
209351000-0,7188.616711179543,20.413755536167585,130.7821263298052,9.759460955014484,120.660354339865,1
209351000-0,7193.660696969894,20.426010326638647,130.7797709479497,9.682475703472464,131.14898130330707,1
354209000-0,8.278617890113972,21.694063128167315,130.58500203809274,47.4131240899702,271.2988454475321,2
354209000-0,28.267391975129375,21.565332074872266,130.6482355678976,48.995797627477984,79.18963361652636,2
354209000-0,57.52704953839338,21.646171568372466,130.6184584253149,17.723984808020116,339.6839197026716,2
354209000-0,88.13680352716425,21.69720550614264,130.6450211378018,92.46362207269487,80.62181761280932,2
354209000-0,106.06602692238154,21.584190018152107,130.60495364676652,97.68140895004066,85.07152948622016,2
354209000-0,117.39956769994346,21.66377255457942,130.64422954269162,147.6123152959651,276.21397802211305,2
354209000-0,127.45219313410685,21.62368766318122,130.61283405700925,58.09134373700789,275.196174623442,2
354209000-0,177.67448795192252,21.598661295350393,130.63668495471475,290.81761361196686,99.36655129519968,2
354209000-0,188.07445216826238,21.70812052795565,130.62680003617183,280.41119816810635,248.93974154012977,2
354209000-0,238.08951136499869,21.63112557262692,130.63605604015163,19.676995828077597,224.92875138296148,2
354209000-0,287.16973084899143,21.665994426607313,130.62396888809334,83.63899848543163,99.01286296679342,2
354209000-0,298.4099769274133,21.603941934875078,130.72009518885193,171.39212737671556,259.3817070016868,2
354209000-0,696.0242890171652,21.59781357803258,130.52854449995883,113.98656618294696,255.79131922914374,2
354209000-0,717.8505068841802,21.538521981649577,130.5786963014344,13.48300063660366,140.16626476431136,2
354209000-0,800.490262645847,21.6079289448229,130.60371194229668,6.711625542550274,328.6935149217787,2
354209000-0,818.2588736833695,21.656772815283787,130.62583688868182,41.98073939800871,263.0247363721301,2
354209000-0,869.5353528265264,21.656013273527474,130.58765027427222,19.286561468066388,251.77967639728922,2
354209000-0,919.5052549087931,21.640923466526843,130.58469020148894,98.10830101916034,76.59940424311898,2
354209000-0,969.400451814443,21.548184423984893,130.61045826285508,162.71464346252492,273.50023273666733,2
354209000-0,979.9315056917716,21.553892908821005,130.5728679004711,14.006721570779789,176.65161089040123,2
354209000-0,1109.8549778572374,21.601179871309245,130.56618919753686,67.95372029936857,87.48598517412775,2
354209000-0,1169.1783560494587,21.53694345525169,130.60596046579724,8.08890764224806,151.66784568261673,2
354209000-0,1228.7340392038182,21.606266742401317,130.59081930851153,73.10194654857253,264.50510079073973,2
354209000-0,1259.5375790024564,21.523504735682057,130.63780921375445,18.538821286557162,97.49988404694777,2
354209000-0,1279.092940217998,21.5573620636982,130.54257573318412,132.51675447798945,106.2503080408119,2
354209000-0,1289.03109394494,21.591311653909614,130.58187417349137,43.93852543298795,273.4344896294569,2
354209000-0,1308.0438899275177,21.613705290053044,130.5451303080883,110.83112547986079,259.50947146449766,2
354209000-0,1318.4440111704978,21.63398650957552,130.60110912321514,15.239921016908212,232.02633666081852,2
354209000-0,1357.9640682917293,21.602139487492273,130.61004774824127,120.96133284953626,293.52584978861455,2
354209000-0,1368.1110345616348,21.623026888706047,130.53549978462905,140.69335316184703,93.85930527478229,2
354209000-0,1379.5663472768204,21.569050634743512,130.60061666944674,28.207524140582077,219.0831468425935,2
354209000-0,1459.9285590672118,21.46675335840306,130.5496501931823,92.83602961898522,254.7584176458645,2
354209000-0,1489.3525679213406,21.552611902030876,130.56952486233305,2.877646403632972,329.68936010743835,2
354209000-0,1540.18291625478,21.54400298739634,130.53604634241375,36.18856304149523,226.72385635229594,2
354209000-0,1559.1519827877605,21.574435206156984,130.54392475877654,11.767763184421261,67.98003556437278,2
354209000-0,1569.5758910464785,21.559156015897482,130.5539940094711,31.71723624100146,276.71305719970354,2
354209000-0,1629.1304261213177,21.546683446173425,130.62418568654118,66.62713700254557,120.78719604478961,2
354209000-0,1640.1966198698615,21.525304859473014,130.4482492634421,48.97218120590893,117.1557075886979,2
354209000-0,1678.9435387913566,21.589264725751814,130.52032854463678,18.305461753375056,36.114275303318415,2
354209000-0,1789.8572769981595,21.483681626329627,130.56705490661142,5.078854438770256,145.68337812465018,2
354209000-0,1810.5702202844668,21.515252460871533,130.65404903896436,36.95848574056483,138.25362542770054,2
354209000-0,1820.4016997177505,21.531577104554437,130.56513110671128,216.8134872519019,61.38018994538692,2
354209000-0,1829.5746306137414,21.552086519561822,130.56780261287048,47.38731985586704,251.25024494982154,2
354209000-0,1930.7656156084488,21.521744235593864,130.59683560169444,202.88626246337796,264.95110209057145,2
354209000-0,2001.849089465778,21.486371710447408,130.56686997068638,35.25178147724943,207.34741482278463,2
354209000-0,2019.4832308852303,21.481605386944366,130.62139320165633,216.82680591471984,93.41923723677301,2
354209000-0,2061.1055364909425,21.55558594477955,130.64775127334906,59.341460879491244,239.69454489252615,2
354209000-0,2080.618259958026,21.556971417205673,130.55771523041423,62.010611370817976,92.921888013207,2
354209000-0,2138.372238269862,21.49758814702104,130.55358197810014,170.11913873035493,84.92163612678112,2
354209000-0,2159.4931713182973,21.49270608355802,130.61125661788202,138.4357179468373,78.47618866457822,2
354209000-0,2228.726997853958,21.50379484902707,130.5345680505782,29.859723254079043,113.39057294987808,2
354209000-0,2249.4070859123535,21.528537091561084,130.44956064265958,138.91636575193948,267.5359349342801,2
354209000-0,2269.081536141231,21.54798512554658,130.58231667405082,51.27337383665544,94.43653219861801,2
354209000-0,2289.3282378318413,21.526375036345424,130.60421654117286,80.67025981169463,239.05198706638745,2
354209000-0,2309.5015349822556,21.520401914517816,130.59659279473212,28.196913640142768,219.02007359569208,2
354209000-0,2329.4033422182406,21.47065326365803,130.5485231200891,37.56778469511573,234.58167765491098,2
354209000-0,2348.8615510449017,21.458246958600004,130.53289910632455,40.1773052623732,278.5607582605676,2
354209000-0,2359.498012068493,21.526407818151114,130.53983623099214,192.01433234445307,121.46346935599078,2
354209000-0,2368.4890690217094,21.506699038047245,130.53790693563803,10.323756613354687,249.31592809065052,2
354209000-0,2378.504666496177,21.55661307504896,130.52976255293706,140.38529523425711,258.52777066403195,2
354209000-0,2389.208812883015,21.50901671528197,130.57151671916776,79.8375494495236,115.68010686994859,2
354209000-0,2409.110005643166,21.514090592624,130.57265460428115,137.19585740500298,274.97773700191004,2
354209000-0,2428.54778490439,21.501310326503297,130.53146463624182,166.98807757430447,89.87983614838201,2
354209000-0,2438.4823733303692,21.514846055879016,130.5143035148491,187.8326733344854,280.57385428608404,2
354209000-0,2449.0524120617442,21.566859581274098,130.56601454342027,57.02274877083273,107.0261891825765,2
354209000-0,2470.3785211726795,21.48897905266996,130.5170358863783,31.307730844464267,101.99602471483612,2
354209000-0,2509.4803319442144,21.424851102882343,130.5555597488409,90.39388754765633,281.5766657838521,2
354209000-0,2549.349351415256,21.544862811405245,130.56960833749432,24.27324299486562,124.86052075091487,2
354209000-0,2559.961750997779,21.534037573684014,130.4830345976371,140.72628080070004,254.20459612081393,2
354209000-0,2570.4034339646873,21.50385711541654,130.58306467889096,80.18404444193817,261.74159043742867,2
354209000-0,2580.0673320513647,21.570167107578882,130.5837270499624,145.30084239457312,86.99004507767415,2
354209000-0,2609.854873724912,21.462616896152852,130.57740243449163,141.77364499691362,111.33713417832352,2
354209000-0,2639.581065291704,21.54235304215811,130.5739805089611,226.65128005139653,265.586911642944,2
354209000-0,2660.5846177208878,21.408037082869683,130.5682086717848,159.28270871674948,71.4918903774584,2
354209000-0,2680.1046971811265,21.496122748403984,130.5153130953262,80.89261336947803,285.9749320750127,2
354209000-0,2690.0003373633267,21.55825602737278,130.50752835850565,29.209250657836584,164.12436611148314,2
354209000-0,2710.6209651774984,21.552817693759867,130.5429683075138,163.03748856419614,107.1491505238686,2
354209000-0,2729.8097776686764,21.45686136779446,130.49642100840325,91.03200038313832,287.09165804407206,2
354209000-0,2740.0324986970636,21.511733263049585,130.59331420692152,28.198803750922377,196.85925807919568,2
354209000-0,2858.8078280280497,21.567266117775276,130.49265756264214,14.075321309993756,229.926459377446,2
354209000-0,2879.049686969686,21.54601408348766,130.48056062215394,13.25903177157178,196.920035949532,2
354209000-0,3159.258520137513,21.518505901457534,130.55390686623383,30.37763722662049,117.194497110022,2
354209000-0,3180.035520963828,21.496878529202633,130.46937146724954,74.34805924896344,251.52900158611797,2
354209000-0,3239.5580388343215,21.483874180111027,130.52179321695255,127.09520795298579,250.27844358355523,2
354209000-0,3267.99494248323,21.47697653677029,130.4703437132712,70.44773080637039,112.25637016673842,2
354209000-0,3279.5190698733472,21.483294018116126,130.54264066909428,41.33942816791956,68.44581861562432,2
354209000-0,3289.0437555621097,21.498884274218966,130.5023942497156,70.71548642601437,129.45755347764532,2
354209000-0,3308.5065305134576,21.451452291300345,130.51116855781603,17.21738131871022,243.73279194774497,2
354209000-0,3328.0388596650632,21.552226186467873,130.50202950624214,107.64075706789309,253.35557377709674,2
354209000-0,3338.7690910545602,21.448198343700827,130.59655809852654,112.87653727789164,87.71408049995331,2
354209000-0,3348.9196095152424,21.432344432208424,130.54074869594655,122.4704328452324,254.79778990336828,2
354209000-0,3358.7597697111114,21.431949052081944,130.51068671879884,29.227255503791284,124.72295939248527,2
354209000-0,3388.7119101780813,21.449255442665127,130.51831157128805,185.15581256681878,104.87470519423503,2
354209000-0,3420.2233834325893,21.440067807653456,130.53953836801773,168.2903667775866,78.86032915478387,2
354209000-0,3430.1615225941327,21.374509806878443,130.49678477107054,132.68465875802883,282.0921243536905,2
354209000-0,3459.5954281198874,21.516077352055667,130.61840456459487,25.77814957543919,227.46613032479556,2
354209000-0,3539.2720463851783,21.4712244405198,130.48802943166245,133.44061427073848,277.78349416612485,2
354209000-0,3549.3843204634545,21.444123276402966,130.5875273621698,87.01466875590614,94.42360973252126,2
354209000-0,3579.6179514147225,21.43151593403333,130.51309894441005,138.4800579879861,80.01891450496004,2
354209000-0,3629.1675966246507,21.47473346039165,130.60006385253308,73.9364558051692,81.42364920661537,2
354209000-0,3639.9019001361053,21.393324602228976,130.52472951663702,146.5270877222135,233.24744706321624,2
354209000-0,3678.7380204596784,21.292294466677742,130.60369381348252,27.49139311476942,82.0003077827845,2
354209000-0,3709.850760678124,21.498280026746556,130.50856179837342,44.668037171702125,63.47346635936731,2
354209000-0,3770.1830335522177,21.38892451465725,130.51122814825044,21.97182619657988,124.2392117046187,2
354209000-0,3819.3631136763474,21.450911911123537,130.54908349309562,160.4153470683011,76.67454488881344,2
354209000-0,3859.389961375777,21.354469702253567,130.57874433759173,21.42828813132516,81.34273007924487,2
354209000-0,3910.434359567328,21.493730516589032,130.51021091211084,160.36977830095952,273.6281687327126,2
354209000-0,3950.6027155302318,21.45446828925705,130.50733367362378,73.09617323370016,114.04864805376081,2
354209000-0,3970.203627985903,21.437604379551466,130.5941260018458,132.63394872323232,108.61761847081681,2
354209000-0,3979.0161003338667,21.418324653487453,130.56500419382766,214.96376240814115,270.3450415395552,2
354209000-0,4029.769743102039,21.448140675786473,130.57934601043624,17.877105089697416,270.7363209656755,2
354209000-0,4039.477217839082,21.378860427915615,130.538824509439,133.97928699701308,103.61644894361181,2
354209000-0,4110.5264892938585,21.413858887196902,130.5017372191724,26.037319458384054,215.13795155238336,2
354209000-0,4120.268422716917,21.388829254298507,130.5237113511337,38.20176339758581,269.0551426243265,2
354209000-0,4210.418685474588,21.41136527843887,130.49443072870682,51.66541184747489,112.73775803116466,2
354209000-0,4230.036349964182,21.40248856910754,130.5139733563605,21.825106240451557,239.89831517722249,2
354209000-0,4272.047331809655,21.37038620123598,130.59149983131584,161.53865727066648,96.09921010312847,2
354209000-0,4290.287961709042,21.324202368515767,130.44959993670525,254.27691474326662,269.06739624450364,2
354209000-0,4311.657502915642,21.438009447118134,130.4768409645656,25.024147519862257,96.75359412136078,2
354209000-0,4331.1318524941025,21.404677014930318,130.55429122563027,24.690208770799515,102.84164164296457,2
354209000-0,4359.555978506596,21.4354563007781,130.52954096599646,111.65452001590228,266.2196274270931,2
354209000-0,4419.512954088768,21.425001318685876,130.4886647889905,213.05390971619917,75.39654032177373,2
354209000-0,4480.8009002670615,21.416106116513696,130.52398036291308,149.23641302723246,260.88734958166526,2
354209000-0,4509.099281942417,21.41433387741283,130.55653882485416,78.44524563174615,66.47285118071312,2
354209000-0,4638.616759014427,21.40084889730594,130.54954670162354,28.610612151127036,226.0360541920161,2
354209000-0,4658.409373971137,21.38016284260749,130.52507773815685,94.14187815987113,75.41397752279775,2
354209000-0,4677.714442711745,21.369913927293485,130.52623568125352,46.8456090251501,221.98998136278735,2
354209000-0,4699.849043328205,21.357171500181046,130.51892644160807,64.01087288002172,108.88028090439983,2
354209000-0,4718.542415853356,21.3668303248699,130.52810640639382,113.89958998700118,263.4135503754643,2
354209000-0,4759.122024460708,21.37364498118955,130.51632181988487,16.718252167620832,227.82892659549577,2
354209000-0,4778.967700143114,21.357314973908373,130.59791566485632,45.793447294523524,258.66144451365324,2
354209000-0,4788.921053171213,21.44560218951906,130.50210793405418,18.740159567449727,232.7416983351454,2
354209000-0,4808.131596516698,21.41509768610823,130.5740367003322,9.182390476870056,249.0201148522486,2
354209000-0,4847.958102479375,21.389587431223763,130.47837724289226,38.37715946945676,104.78566155091126,2
354209000-0,4869.682233619568,21.434808538895005,130.52589760047275,107.7582632203491,247.4034987570382,2
354209000-0,4907.965487673295,21.325056263079336,130.56940954583635,104.55499939920058,273.3208529146939,2
354209000-0,4919.166996860864,21.42674549992386,130.52710069529135,205.96837077317727,121.81502273913836,2
354209000-0,4989.256996271233,21.440068017196513,130.5492369230282,88.63395246362492,248.9801233464779,2
354209000-0,5047.3966972108565,21.386942551267815,130.45856187160348,133.84354505772475,82.48208115734825,2
354209000-0,5098.972811952621,21.321956702836765,130.5152969316479,6.942663231601964,118.01121065762868,2
354209000-0,5120.346138761308,21.354502309022394,130.5215135299577,68.34261695176025,238.1587865847236,2
354209000-0,5140.629150071038,21.335925069900437,130.5559511770663,104.31750110253601,85.56581513452335,2
354209000-0,5169.817177802433,21.35964647427654,130.52735730410345,49.24463466783459,60.34160497127719,2
354209000-0,5198.874970182087,21.37370990561113,130.56186839342857,98.47638210069007,67.59977146153344,2
354209000-0,5229.095772616471,21.328133330875087,130.50432733969015,42.129024393809054,100.24470630075245,2
354209000-0,5240.231149561069,21.35895153139626,130.5290994698681,188.51791420618218,87.4263082881141,2
354209000-0,5300.033404268771,21.30074892723607,130.5413660315619,161.22119342167613,98.70675657220856,2
354209000-0,5309.581661817637,21.342087503671266,130.53014235777962,21.16978358537736,164.9579187368699,2
354209000-0,5359.282023990613,21.310755858471715,130.57032615008552,46.70135872738306,284.3653490749194,2
354209000-0,5368.8798486078595,21.339062098579063,130.4901912533338,126.87774486568135,277.9697374511252,2
354209000-0,5429.474780130169,21.375762457283514,130.48762748795633,40.29792484063628,223.11730030430226,2
354209000-0,5449.407653883855,21.30455787960311,130.57019247188157,87.48590558979937,267.66964681387384,2
354209000-0,5528.664977437535,21.359854291233226,130.55235452829544,37.28700913489329,264.4821913394117,2
354209000-0,5581.1253966657105,21.373636863085913,130.4635331797774,51.980307178211355,105.77438858023628,2
354209000-0,5619.302628874197,21.37460821947616,130.4882052397277,45.51964518402336,108.93220181222047,2
354209000-0,5639.873167416842,21.261929239157233,130.49604966982727,131.49768173794686,229.62804434031628,2
354209000-0,5720.092932352639,21.320532847783266,130.5224504063059,32.69569788808081,118.20525327465879,2
354209000-0,5739.353715008429,21.33441594278263,130.4762340445163,131.22311838711883,263.2826852721495,2
354209000-0,5761.01535988234,21.35134040814967,130.54798000303515,30.71774768530457,262.03379721198326,2
354209000-0,5779.583402320249,21.34109104654955,130.4749598918876,220.7718920479847,76.2561370658474,2
354209000-0,5789.499781936854,21.34137588606395,130.4999376479683,79.37157901546209,286.1244317689613,2
354209000-0,5898.794352601424,21.25758329063621,130.50278364649225,37.90924309980816,251.61154657735443,2
354209000-0,5910.52534129654,21.349902408108996,130.499322580451,30.795844758003376,254.9318915039395,2
354209000-0,5948.641217365182,21.28667031228495,130.56232192718085,26.069807248645514,109.12588823506488,2
354209000-0,5969.031859522805,21.272136256132423,130.49894643430832,135.91281925375623,99.60706965092946,2
354209000-0,5990.129252896365,21.375908915490434,130.48239694645937,24.81027882089473,116.92062818467389,2
354209000-0,6009.982021171911,21.331524939009167,130.5248774395712,57.69862836390152,260.6748598378766,2
354209000-0,6020.285275160271,21.286801157192162,130.51309707785228,109.34502244932257,87.30939504049863,2
354209000-0,6060.222366715387,21.353086339367394,130.47295650085888,290.6300521953235,81.48570064557195,2
354209000-0,6090.156959545735,21.339229222684605,130.5231321979685,99.30782783952317,263.7089459534734,2
354209000-0,6151.1216773379465,21.263343413791052,130.50352621670257,112.9973739727419,115.5997814405981,2
354209000-0,6178.818874644845,21.279735510357472,130.43457874940577,47.788101568940796,235.6044668426723,2
354209000-0,6189.631866222798,21.274635940790425,130.4737254465885,66.87249421945823,104.56366085979649,2
354209000-0,6227.956100079867,21.340572390967772,130.48910512641928,169.312438503177,242.40839575713557,2
354209000-0,6239.161122209245,21.260534508110265,130.5289847573582,133.89600158487502,97.69583401227653,2
354209000-0,6278.766146286731,21.253901616526544,130.50172265505748,20.500266116965403,141.1671852606335,2
354209000-0,6299.251318232626,21.26379420710763,130.49478764030465,89.4008903105755,77.1972471007506,2
354209000-0,6310.580067409796,21.29730414018799,130.5724281139684,109.46563379597053,255.8743329873731,2
354209000-0,6320.681977007507,21.35659195510507,130.46937094062082,52.899352968617606,248.2512626395948,2
354209000-0,6409.485509916666,21.306955976762243,130.45123689218767,104.17503274577216,266.86919861883945,2
354209000-0,6460.364813163807,21.28148932983667,130.45570399807133,86.9613421292656,85.20472250737211,2
354209000-0,6469.673927674089,21.322676326250114,130.46184703940568,7.080534700509993,144.25682796798625,2
354209000-0,6548.806865725647,21.296991143549906,130.4917985422472,47.082139882548425,79.26188920050132,2
354209000-0,6569.557837215099,21.262045625555004,130.50086011606578,169.37581147218705,272.5296802148003,2
354209000-0,6579.702869020047,21.267458934849063,130.49051010396275,109.77322372391798,98.67434049941247,2
354209000-0,6589.769709452425,21.274298667271637,130.47816441550341,37.03491853543785,258.09165085371603,2
354209000-0,6630.344794218528,21.299489880971798,130.449958287455,185.63553221770502,105.63299595660403,2
354209000-0,6639.48423643251,21.292647601954858,130.45774812182043,192.15705836380255,288.3790549654705,2
354209000-0,6721.368963434768,21.253489847517148,130.45596003325676,39.93924208510917,105.14285832290649,2
354209000-0,6750.037487524682,21.254997886217996,130.51820605108585,155.23989230847087,258.68646324462486,2
354209000-0,6759.619846461082,21.28434976739215,130.40547832675924,46.55202535708249,255.40909753926962,2
354209000-0,6780.658802874158,21.275424977435136,130.49905713112952,94.22438696294644,302.1961955311872,2
354209000-0,6889.454852873201,21.19771852683929,130.46219812802792,37.357422791765075,250.85146575311776,2
354209000-0,6998.731503532072,21.25220319045107,130.50857076881505,23.950330759720334,260.68533452881877,2
354209000-0,7019.114998289355,21.23281331548098,130.4741643543371,203.19236767967408,88.3047120586441,2
354209000-0,7029.772028001086,21.23251091444102,130.4588573537073,160.98389609740704,262.79321697456396,2
354209000-0,7079.770020918585,21.181493038232254,130.45159682703948,28.08011990236404,308.76357067639515,2
354209000-0,7100.120179064942,21.316530860692755,130.45411939430676,128.7675321402073,100.7783825289677,2
354209000-0,7109.791143944059,21.28362161071111,130.51219788385112,129.65032175084065,271.2101879193107,2
354209000-0,7129.925518282772,21.300753415468215,130.53949576668302,1.80096620295591,307.9704175819007,2
354209000-0,7139.806242428331,21.256787517081207,130.4723595335635,198.31002998069744,75.26697590463186,2
636019664-0,5743.257959731657,19.857681243058536,131.0515852372251,16.49701383089793,32.47641220391287,3
636019664-0,5823.1450377595365,19.873921282012414,130.93285648027182,8.996578438881246,312.4094497303983,3
636019664-0,6013.0694326174125,19.881136006576366,130.9474630035767,8.367159599028788,290.36369183779755,3
636019664-0,6333.812989757701,19.957856533189233,130.94366841145552,2.6798470303355986,354.1333874248312,3
636019664-0,6472.1950197393735,19.85230463733384,130.92973555624872,12.530733786781605,315.64724164444436,3
636019664-0,6603.894135127757,19.90881731904659,130.98204280749647,36.56121070455616,311.82005413028054,3
636019664-0,6753.816864115078,20.016012632140697,130.95852971495378,12.711545888764176,287.0664436607785,3
636019664-0,6854.220847754343,20.005639040383596,130.9704308574331,13.927003082440132,351.94181642904,3
636019664-0,6942.737247216954,19.955753041554317,130.9778668090438,49.62078791984064,177.18719960154718,3
636019664-0,6963.3650888475395,19.942424646167396,130.88841268971004,21.348980618303816,345.8330069014512,3
636019664-0,7063.083698857242,19.94874812201296,130.9986410421697,55.7476750262006,177.9656691446335,3
