MMSI,time,lat,lon,vel,cou
477926700-0,0.0,19.800563,131.05805,5.093,261.200012
416003946-0,0.0,19.815873,131.083865,106.994085,245.646955
352852000-0,8.0,19.811407,131.06272,0.051444,174.300003
416004603-0,10.0,19.806897,131.079276,14.640179,343.971512
416195000-0,22.0,19.801312,131.039595,6.692987,251.947252
311000519-0,44.0,19.703512,130.95942,9.094038,328.330444
416003946-0,48.0,19.806082,131.060877,71.181894,29.643165
636091401-0,63.0,19.565863,130.974394,54.926159,3.444786
477926700-0,72.0,19.80071,131.059025,4.990111,260.899994
416003942-0,91.0,19.813173,131.073884,16.102069,93.21004
564495000-0,93.0,19.62658,130.968417,9.621344,145.025579
416003946-0,109.0,19.823526,131.07143,90.627157,210.680009
311000519-0,123.0,19.706339,130.957567,30.691383,112.375906
636091401-0,126.0,19.581829,130.975414,13.592448,48.758981
538007530-0,131.0,20.02025,130.826701,20.775676,111.10313
416004603-0,131.0,19.814768,131.076872,20.221455,90.568887
477926700-0,134.0,19.799755,131.051093,5.761778,263.100006
352852000-0,136.0,19.811422,131.06272,0.051444,162.800003
416003946-0,150.0,19.808754,131.062115,3.638407,44.475704
477926700-0,178.0,19.799932,131.05275,5.607444,263.600006
564495000-0,183.0,19.6233,130.970853,31.260347,301.871063
311000519-0,186.0,19.702936,130.966346,24.143561,343.515479
477926700-0,200.0,19.799433,131.0477,5.864666,264.399994
636091401-0,222.0,19.585806,130.980228,19.046844,28.945828
416003942-0,224.0,19.812618,131.08439,18.442785,270.996331
564495000-0,248.0,19.628259,130.962384,6.901569,295.012845
416004603-0,264.0,19.814644,131.090086,25.249957,257.768808
574252000-0,281.0,19.815113,130.978641,14.832702,250.09182
636091401-0,284.0,19.590582,130.983032,35.927248,350.485614
352852000-0,288.0,19.811402,131.062733,0.051444,154.100006
416003942-0,310.0,19.812745,131.076598,5.104041,95.824039
311000519-0,313.0,19.716527,130.962074,19.822246,249.719313
538007530-0,324.0,20.013575,130.845104,12.42882,212.801334
636091401-0,346.0,19.600737,130.981226,19.653139,76.697095
574252000-0,354.0,19.813409,130.973639,95.885557,175.215695
564495000-0,360.0,19.62977,130.958946,38.621701,349.743766
477926700-0,367.0,19.798932,131.042148,5.658889,264.600006
311000519-0,369.0,19.714748,130.956961,7.535026,183.102713
574252000-0,388.0,19.798391,130.974975,8.654579,229.192459
416195000-0,392.0,19.797764,131.028028,10.142713,254.6726
416004603-0,393.0,19.811453,131.074446,25.030484,93.593705
416003946-0,405.0,19.811814,131.065309,24.769589,130.267451
636091401-0,430.0,19.602493,130.989109,30.48293,0.247477
477926700-0,436.0,19.798673,131.03884,5.710333,264.5
564495000-0,440.0,19.643824,130.956246,20.07025,156.561521
477926700-0,474.0,19.798012,131.032483,5.247334,266.100006
416003946-0,476.0,19.80656,131.071902,20.721575,227.435373
416003942-0,489.0,19.812317,131.081064,22.09985,270.811369
564495000-0,500.0,19.638717,130.958597,33.124591,37.347118
352852000-0,500.0,19.811398,131.06272,0.051444,153.699997
416004603-0,527.0,19.810481,131.090893,14.852294,250.115114
636091401-0,536.0,19.617429,130.989178,102.410302,189.299014
477926700-0,549.0,19.797613,131.029097,5.093,261.100006
416003942-0,554.0,19.812411,131.074007,0.579122,252.106371
636091401-0,562.0,19.605283,130.987066,21.449239,346.262993
416195000-0,567.0,19.795595,131.019618,23.148555,86.265438
564495000-0,569.0,19.647116,130.965402,21.841987,271.08658
352852000-0,593.0,19.811398,131.062693,0.051444,156.300003
636091401-0,607.0,19.609617,130.985942,56.293929,24.373068
416003946-0,616.0,19.797488,131.061405,23.123541,88.619581
416195000-0,630.0,19.796034,131.026767,14.2796,269.476867
477926700-0,644.0,19.797613,131.029097,5.093,261.100006
416004603-0,659.0,19.807398,131.081835,15.471336,122.747513
352852000-0,661.0,19.811435,131.062693,0.051444,151.199997
311000519-0,663.0,19.704523,130.956373,13.062227,85.358921
636091401-0,679.0,19.626683,130.99415,12.1889,269.395826
477926700-0,684.0,19.797298,131.026068,5.195889,266.899994
416003946-0,702.0,19.79771,131.071172,16.075368,276.367125
574252000-0,722.0,19.789659,130.964226,11.074302,105.107409
564495000-0,729.0,19.647421,130.948253,53.135955,331.890157
538007530-0,735.0,19.993727,130.831492,7.563192,162.456979
416004603-0,737.0,19.80438,131.086821,6.037737,209.849468
477926700-0,750.0,19.797162,131.022887,5.556,266.799988
564495000-0,769.0,19.656087,130.943337,12.776063,70.183489
416004603-0,797.0,19.802928,131.085935,13.125974,283.301151
477926700-0,807.0,19.796852,131.019725,5.504556,264.0
416195000-0,829.0,19.795914,131.012807,4.554717,258.069433
352852000-0,843.0,19.811373,131.062667,0.0,329.200012
574252000-0,877.0,19.78759,130.972367,94.793708,343.418307
416003942-0,878.0,19.812144,131.073129,0.999097,71.64226
636091401-0,880.0,19.626563,130.982127,25.653121,29.97759
564495000-0,885.0,19.658409,130.950181,8.674066,291.815128
574252000-0,909.0,19.801029,130.968114,64.355896,183.341781
416004603-0,956.0,19.805147,131.075957,9.536705,311.942597
311000519-0,957.0,19.705958,130.975167,19.95118,265.689524
574252000-0,963.0,19.784992,130.967119,16.90756,217.119621
564495000-0,974.0,19.659735,130.946663,16.038629,331.031769
352852000-0,976.0,19.811422,131.0626,0.051444,188.800003
636091401-0,979.0,19.636732,130.988355,4.795555,321.291276
538007530-0,1042.0,19.983493,130.834935,6.030774,154.09951
416004603-0,1075.0,19.808653,131.071809,3.184427,33.506781
636091401-0,1111.0,19.639015,130.986413,12.083937,342.563849
416003946-0,1115.0,19.80111,131.038755,3.328283,186.775127
416003942-0,1132.0,19.812514,131.074313,29.374213,92.929467
311000519-0,1169.0,19.704488,130.954458,42.688796,80.771819
416003942-0,1197.0,19.812062,131.083682,0.110739,332.003328
574252000-0,1201.0,19.77016,130.955191,15.022183,16.960815
477926700-0,1233.0,19.795043,130.998232,4.990111,266.299988
311000519-0,1234.0,19.706544,130.967906,8.6525,246.095103
352852000-0,1261.0,19.811413,131.06268,0.0,121.400002
574252000-0,1271.0,19.774809,130.956698,11.562928,307.415642
538007530-0,1275.0,19.97765,130.837954,68.334073,130.036127
416003942-0,1313.0,19.812115,131.083652,8.353761,266.378308
352852000-0,1323.0,19.811333,131.062733,0.0,121.400002
538007530-0,1330.0,19.966474,130.852106,24.76164,357.14194
574252000-0,1332.0,19.77679,130.953946,15.914864,95.225046
564495000-0,1335.0,19.683151,130.932896,19.699549,315.888522
636091401-0,1363.0,19.652445,130.981934,20.881946,6.822635
416003946-0,1367.0,19.79726,131.038269,23.301879,187.504902
416004603-0,1386.0,19.812471,131.074495,3.673821,117.962447
416195000-0,1391.0,19.793467,131.000504,8.034222,243.650358
538007530-0,1409.0,19.975505,130.851626,10.944043,133.19024
311000519-0,1414.0,19.703627,130.960915,5.105733,289.842477
352852000-0,1441.0,19.811407,131.062653,0.051444,342.0
574252000-0,1474.0,19.775839,130.965001,24.738235,237.848641
416195000-0,1509.0,19.791522,130.99633,9.338723,265.800881
416003942-0,1519.0,19.811612,131.075214,5.797824,63.614726
352852000-0,1530.0,19.811443,131.062613,0.0,164.5
416003946-0,1541.0,19.778679,131.035667,32.947862,340.388175
353399000-0,1575.0,19.789326,131.088131,29.17155,75.657326
477926700-0,1576.0,19.795062,130.98972,5.041555,269.5
538007530-0,1578.0,19.969653,130.858258,21.715628,289.303783
416003942-0,1637.0,19.813017,131.078225,3.932933,93.798698
477926700-0,1646.0,19.795062,130.98972,5.041555,269.5
416003946-0,1663.0,19.796181,131.029039,80.354888,246.297259
477845500-0,1671.0,19.822135,130.90226,0.874556,83.0
311000519-0,1680.0,19.705758,130.954642,17.815382,79.43874
353399000-0,1687.0,19.793066,131.103681,38.565254,254.053769
538007530-0,1701.0,19.973735,130.84586,33.486845,135.836126
416195000-0,1711.0,19.790883,130.987088,24.090421,274.512204
574252000-0,1713.0,19.761293,130.940414,24.86914,23.153011
477926700-0,1715.0,19.795122,130.985705,5.195889,271.799988
564495000-0,1719.0,19.708255,130.907042,4.353834,108.437209
416003946-0,1726.0,19.786773,131.006268,37.589329,339.894769
574252000-0,1737.0,19.76383,130.941566,72.923355,171.694087
352852000-0,1757.0,19.811385,131.062733,0.0,98.300003
636091401-0,1761.0,19.69059,130.986781,11.480658,315.936343
416003946-0,1769.0,19.793789,131.003538,41.509875,199.877022
353399000-0,1772.0,19.788903,131.088197,14.694663,135.020428
574252000-0,1773.0,19.751822,130.943429,36.561931,21.447407
416004603-0,1778.0,19.809349,131.080745,6.112842,217.863327
538007530-0,1779.0,19.965073,130.85481,14.968775,172.471747
416195000-0,1794.0,19.79161,130.977295,67.693619,91.330855
477845500-0,1807.0,19.822573,130.90367,0.668778,67.599998
416003946-0,1818.0,19.784947,131.000141,82.754157,99.842506
416195000-0,1839.0,19.791282,130.992256,45.879864,266.107973
311000519-0,1852.0,19.708353,130.969433,36.372267,181.87754
574252000-0,1852.0,19.764249,130.948617,54.370629,221.568104
477926700-0,1855.0,19.795728,130.979183,5.195889,274.799988
353399000-0,1859.0,19.784723,131.092637,6.548986,321.562817
352852000-0,1861.0,19.811422,131.062693,0.0,98.300003
416003946-0,1872.0,19.781415,131.02177,58.10438,259.20848
477845500-0,1875.0,19.822535,130.903562,0.771667,70.199997
538007530-0,1883.0,19.957939,130.855813,31.057852,318.156597
311000519-0,1883.0,19.703144,130.969252,25.370341,264.304645
353889000-0,1889.0,19.829223,131.062795,2.174219,127.062899
564495000-0,1896.0,19.707128,130.910632,47.756571,344.042895
416003942-0,1902.0,19.812698,131.083335,2.569204,222.382331
636091401-0,1903.0,19.696005,130.981215,6.986608,22.650427
538007530-0,1908.0,19.960613,130.853265,5.341559,243.497314
416195000-0,1924.0,19.790058,130.973142,4.889758,304.120162
477845500-0,1930.0,19.822662,130.903927,0.977444,70.800003
574252000-0,1932.0,19.749205,130.934442,16.166431,104.035337
311000519-0,1939.0,19.702492,130.96231,29.640174,126.865037
353399000-0,1950.0,19.78688,131.090817,15.059507,278.750637
564495000-0,1951.0,19.718802,130.907086,39.655765,17.851154
477926700-0,1968.0,19.801077,130.97178,5.350222,331.200012
416003946-0,1969.0,19.776535,130.994574,61.923353,60.650254
311000519-0,1977.0,19.699368,130.966735,8.730221,339.565976
416004603-0,1992.0,19.804575,131.0768,3.339076,254.14907
574252000-0,2009.0,19.74781,130.940373,156.60363,314.187201
564495000-0,2031.0,19.732761,130.911862,34.400661,228.000094
574252000-0,2031.0,19.75891,130.928239,52.315652,159.766746
416003942-0,2039.0,19.811496,131.082169,6.105651,278.671517
538007530-0,2042.0,19.959136,130.850115,30.117494,101.59164
353399000-0,2044.0,19.787876,131.083943,8.603738,43.249311
477845500-0,2045.0,19.823082,130.905103,0.771667,71.699997
477926700-0,2054.0,19.804243,130.970042,5.504556,333.600006
416003946-0,2056.0,19.788739,131.017642,16.111211,28.532641
353889000-0,2074.0,19.828103,131.064373,5.577582,14.570139
564495000-0,2087.0,19.726802,130.904831,18.304761,327.160357
574252000-0,2095.0,19.744388,130.933926,36.719521,348.466493
416004603-0,2117.0,19.804048,131.074828,46.578658,7.909968
311000519-0,2120.0,19.704776,130.964595,6.345119,49.878145
477926700-0,2123.0,19.80335,130.970515,5.453111,331.5
352852000-0,2125.0,19.81141,131.062613,0.0,304.5
353399000-0,2125.0,19.790222,131.086289,4.663772,164.175034
574252000-0,2130.0,19.750208,130.932664,18.309918,20.886312
416195000-0,2133.0,19.792708,130.968986,36.349256,259.604508
416195000-0,2157.0,19.79198,130.96477,5.02456,299.470828
636091401-0,2165.0,19.703814,130.984676,48.225282,357.603327
574252000-0,2165.0,19.752976,130.933786,3.411293,279.532031
538007530-0,2173.0,19.955471,130.869122,49.119389,246.556269
416004603-0,2178.0,19.817057,131.076749,23.981982,117.35181
477845500-0,2183.0,19.82323,130.905433,0.823111,63.5
353889000-0,2207.0,19.831421,131.06529,13.811803,228.642581
636091401-0,2218.0,19.715618,130.984151,25.452553,101.530609
352852000-0,2224.0,19.811382,131.062653,0.0,304.5
353399000-0,2226.0,19.788127,131.08692,14.693204,94.538327
416003946-0,2234.0,19.800385,131.024372,5.70279,126.676411
477926700-0,2236.0,19.812738,130.965548,5.607444,333.399994
574252000-0,2243.0,19.75318,130.932497,55.185192,206.507149
538007530-0,2253.0,19.948243,130.851393,6.946347,161.728553
477845500-0,2253.0,19.82342,130.905877,0.823111,72.199997
564495000-0,2254.0,19.738674,130.89669,35.558755,310.054284
416195000-0,2256.0,19.793111,130.962643,10.855879,291.364021
574252000-0,2277.0,19.745418,130.928384,23.889842,10.555892
636091401-0,2277.0,19.714231,130.991376,32.156106,286.100801
311000519-0,2278.0,19.707762,130.968359,45.55509,201.383923
564495000-0,2289.0,19.742376,130.892012,12.877476,68.700568
416003942-0,2291.0,19.812568,131.074695,10.436283,87.474197
416004603-0,2293.0,19.811199,131.088785,9.776916,125.038034
477926700-0,2299.0,19.811933,130.965995,5.556,335.299988
667001464-0,2301.0,19.841553,131.009538,0.051444,68.099998
353889000-0,2313.0,19.82695,131.05989,4.406986,7.735745
311000519-0,2320.0,19.699527,130.964934,26.661898,341.850449
574252000-0,2325.0,19.750629,130.929416,19.334629,204.593492
477926700-0,2339.0,19.81729,130.963078,5.556,331.600006
636091401-0,2345.0,19.717034,130.98106,56.674865,38.805929
416003946-0,2357.0,19.798449,131.027136,25.314047,185.562923
416004603-0,2367.0,19.809279,131.091695,24.774047,236.009696
416003942-0,2389.0,19.812777,131.079716,6.259694,266.008039
352852000-0,2398.0,19.81139,131.062667,0.051444,161.699997
311000519-0,2399.0,19.708779,130.961712,5.951695,185.007769
353889000-0,2401.0,19.828726,131.060146,1.04093,139.669119
574252000-0,2404.0,19.744209,130.926294,49.681791,38.943545
353399000-0,2405.0,19.787165,131.0998,4.195315,306.588209
416195000-0,2412.0,19.795963,130.954894,0.719669,299.412031
636091401-0,2420.0,19.732345,130.994142,17.862795,267.35527
477926700-0,2424.0,19.820827,130.961075,5.607444,333.200012
416004603-0,2432.0,19.805118,131.085135,6.816647,90.717363
574252000-0,2438.0,19.750282,130.931509,136.810404,224.71768
416003946-0,2449.0,19.787734,131.026027,74.139775,18.286293
564495000-0,2454.0,19.745944,130.901734,16.593506,330.21836
477926700-0,2454.0,19.81729,130.963078,5.556,331.600006
574252000-0,2466.0,19.737699,130.918272,24.087883,128.644427
416003946-0,2503.0,19.805306,131.032199,24.162941,144.350416
477845500-0,2525.0,19.823955,130.907422,0.823111,65.300003
352852000-0,2540.0,19.811357,131.062667,0.051444,148.800003
667001464-0,2541.0,19.841688,131.009455,0.926,299.299988
574252000-0,2543.0,19.732345,130.925386,30.48595,240.727068
416195000-0,2545.0,19.79618,130.954485,14.76189,291.185622
636091401-0,2563.0,19.731799,130.981611,8.969059,42.955056
477926700-0,2567.0,19.827045,130.95758,5.710333,332.399994
477845500-0,2575.0,19.824112,130.907793,0.668778,67.599998
416003942-0,2577.0,19.812398,131.073948,12.099405,96.381823
416004603-0,2577.0,19.80506,131.089991,26.614373,292.870162
353399000-0,2582.0,19.789211,131.096871,11.986363,164.399205
564495000-0,2591.0,19.755064,130.896188,32.584959,282.322881
538007530-0,2610.0,19.937358,130.855216,12.67179,110.74625
574252000-0,2611.0,19.727659,130.916506,55.899306,84.902595
416195000-0,2617.0,19.797956,130.949616,4.917907,90.971297
477845500-0,2629.0,19.82425,130.908183,0.771667,82.599998
416003946-0,2646.0,19.792327,131.042092,44.874773,355.127125
574252000-0,2649.0,19.728531,130.926896,40.291598,253.636528
311000519-0,2650.0,19.7019,130.961072,10.117798,105.146077
564495000-0,2661.0,19.757314,130.885243,9.025779,359.31916
667001464-0,2664.0,19.841733,131.009417,0.154333,293.899994
353399000-0,2667.0,19.784675,131.098217,4.681499,307.190656
416195000-0,2675.0,19.797933,130.951017,18.310197,337.817458
574252000-0,2685.0,19.726642,130.920062,42.558651,315.135727
352852000-0,2687.0,19.811418,131.0626,0.0,88.400002
416003946-0,2689.0,19.801214,131.041287,75.985415,103.797132
416004603-0,2689.0,19.810415,131.076497,3.450612,120.378215
416003942-0,2695.0,19.811664,131.080919,1.710388,281.70031
667001464-0,2732.0,19.84172,131.009377,0.102889,273.799988
416003946-0,2734.0,19.797444,131.057601,27.226866,353.907966
574252000-0,2753.0,19.736123,130.910036,40.630138,162.262499
416195000-0,2755.0,19.804203,130.9483,19.89791,270.672806
353399000-0,2764.0,19.785944,131.09644,15.229073,249.492566
477926700-0,2777.0,19.836963,130.952352,5.813222,338.100006
416003946-0,2777.0,19.802825,131.056991,4.738658,299.835643
311000519-0,2790.0,19.700189,130.967785,18.356252,348.064839
667001464-0,2793.0,19.84173,131.009412,0.051444,272.0
564495000-0,2793.0,19.762821,130.885174,21.204532,329.24447
636091401-0,2816.0,19.739476,130.989205,35.475998,325.378691
416195000-0,2823.0,19.804276,130.941653,21.988871,110.122949
416004603-0,2823.0,19.809334,131.078457,10.053686,144.780483
352852000-0,2829.0,19.811438,131.06268,0.0,88.400002
574252000-0,2838.0,19.720918,130.915202,32.10037,302.472962
353399000-0,2843.0,19.783995,131.090904,22.298801,334.121037
477926700-0,2846.0,19.840172,130.950683,5.813222,333.799988
538007530-0,2856.0,19.932253,130.86955,45.683328,201.605921
636091401-0,2858.0,19.745144,130.985047,47.554169,17.383705
311000519-0,2866.0,19.706498,130.966368,18.350425,258.745315
416195000-0,2871.0,19.802598,130.946522,23.236475,304.448202
477845500-0,2880.0,19.824852,130.9098,0.874556,72.300003
311000629-0,2887.0,19.818196,131.086343,28.107167,269.721022
416003942-0,2891.0,19.811978,131.079306,1.71469,276.789025
416003946-0,2896.0,19.804122,131.054587,64.781366,240.568312
636091401-0,2904.0,19.754794,130.988257,9.03949,184.007071
477926700-0,2908.0,19.839792,130.950882,5.761778,334.299988
311000519-0,2916.0,19.70567,130.96195,21.699318,98.053593
574252000-0,2917.0,19.727211,130.904696,56.444296,223.441299
353399000-0,2936.0,19.79262,131.086457,3.512285,213.186888
352852000-0,2937.0,19.81139,131.062653,0.0,88.400002
416004603-0,2939.0,19.80493,131.081761,17.895799,60.012583
574252000-0,2947.0,19.721528,130.898979,30.070353,50.681904
416003946-0,2951.0,19.796028,131.039342,117.968576,91.130897
538007530-0,2955.0,19.912816,130.861363,1.320062,241.574434
353889000-0,2961.0,19.826672,131.062,5.85667,51.648278
416195000-0,2961.0,19.808066,130.938049,30.224141,82.933114
477926700-0,2974.0,19.846457,130.947672,5.864666,335.5
311000629-0,2990.0,19.81813,131.072119,6.49848,133.737369
574252000-0,2994.0,19.725667,130.904348,18.398965,207.476345
311000519-0,3002.0,19.704462,130.971022,12.928378,260.748934
416004603-0,3012.0,19.807948,131.08732,19.741423,73.447053
416195000-0,3016.0,19.809011,130.946154,24.321951,268.604829
416003946-0,3019.0,19.795292,131.078745,10.029112,23.93612
353399000-0,3023.0,19.791438,131.085636,16.541489,135.413841
353889000-0,3029.0,19.827814,131.063535,25.450199,334.622544
477926700-0,3029.0,19.849447,130.946165,5.916111,333.600006
636091401-0,3043.0,19.749,130.987826,43.667995,350.26437
564495000-0,3048.0,19.7843,130.87159,20.438883,11.756031
574252000-0,3050.0,19.721442,130.902014,20.865465,119.30899
477845500-0,3059.0,19.825223,130.911705,1.131778,91.199997
416195000-0,3066.0,19.808874,130.940181,21.824058,313.660395
416003946-0,3078.0,19.797792,131.079924,54.692642,304.715934
416004603-0,3082.0,19.809768,131.093829,31.321716,289.818584
353889000-0,3084.0,19.83366,131.060587,7.891815,151.838287
477926700-0,3103.0,19.852793,130.944587,5.916111,338.5
352852000-0,3104.0,19.811413,131.062667,0.051444,229.100006
636091401-0,3105.0,19.761335,130.985577,27.022495,165.074644
564495000-0,3111.0,19.790127,130.872879,34.290565,147.750951
574252000-0,3119.0,19.718184,130.908178,36.756236,284.876007
353399000-0,3126.0,19.785829,131.091511,7.969967,325.995156
538007530-0,3132.0,19.912302,130.860353,24.319688,302.604165
416003946-0,3151.0,19.808302,131.0638,28.41939,189.459078
416195000-0,3151.0,19.814794,130.933587,10.18746,53.162543
477926700-0,3153.0,19.851805,130.94503,5.967556,336.399994
667001464-0,3156.0,19.841877,131.0094,0.823111,244.300003
636091401-0,3159.0,19.754817,130.987423,11.196653,59.820532
564495000-0,3165.0,19.782888,130.877733,18.827398,341.891153
311000519-0,3169.0,19.702857,130.96056,30.009893,100.930747
311000629-0,3179.0,19.814205,131.076479,3.54723,302.433753
636091401-0,3187.0,19.755546,130.988754,34.231154,353.574031
416004603-0,3194.0,19.815265,131.077613,15.378556,106.39099
574252000-0,3199.0,19.721673,130.894223,16.744936,23.473376
416195000-0,3215.0,19.816601,130.936151,35.043422,85.684753
538007530-0,3237.0,19.918662,130.849776,12.966528,139.164029
353889000-0,3247.0,19.828418,131.06357,8.310635,148.944187
636091401-0,3261.0,19.767181,130.987361,14.563217,266.412969
416003946-0,3265.0,19.79353,131.061184,29.706962,28.125251
416195000-0,3267.0,19.817235,130.945079,24.627299,299.243075
477845500-0,3269.0,19.824777,130.913078,1.234667,121.900002
574252000-0,3282.0,19.727566,130.896941,22.385953,209.500931
636091401-0,3298.0,19.767026,130.98472,36.942986,164.932518
311000519-0,3300.0,19.69941,130.979511,21.325555,336.823895
564495000-0,3304.0,19.794386,130.873737,24.901885,35.68565
353399000-0,3306.0,19.791326,131.08757,1.564185,342.621701
374728000-0,3309.0,19.640698,130.75169,30.561237,131.264586
477845500-0,3323.0,19.824335,130.913683,1.389,131.300003
636091401-0,3337.0,19.760594,130.98656,42.347234,332.228432
416003942-0,3340.0,19.812399,131.07555,1.604486,272.607975
477926700-0,3346.0,19.860717,130.940825,5.916111,339.299988
564495000-0,3355.0,19.799154,130.877376,21.230732,313.76892
636091401-0,3358.0,19.764232,130.984524,21.328937,42.337324
352852000-0,3373.0,19.81141,131.062653,0.0,113.800003
353399000-0,3373.0,19.791788,131.087416,10.525816,192.630502
374728000-0,3379.0,19.634176,130.759582,63.031526,15.932264
574252000-0,3384.0,19.718379,130.89142,19.623302,201.108674
477845500-0,3390.0,19.823748,130.91424,1.440444,144.100006
477926700-0,3394.0,19.867068,130.937792,5.916111,338.700012
416003946-0,3403.0,19.810242,131.070679,43.565225,85.500113
311000519-0,3410.0,19.709378,130.974978,41.970475,247.260971
374728000-0,3411.0,19.643141,130.7623,4.634274,44.196826
416195000-0,3427.0,19.826132,130.928185,20.191069,65.152443
353889000-0,3429.0,19.822428,131.067404,37.076882,115.276978
416004603-0,3432.0,19.81049,131.094865,8.450422,259.572327
477845500-0,3437.0,19.822167,130.914815,1.286111,175.699997
311000519-0,3443.0,19.706904,130.968706,19.986505,136.186041
667001464-0,3459.0,19.84193,131.009442,0.257222,282.700012
353889000-0,3467.0,19.819647,131.073664,3.024201,201.404401
477926700-0,3467.0,19.866583,130.938032,5.967556,339.799988
574252000-0,3468.0,19.711271,130.888505,27.296593,193.497779
636091401-0,3472.0,19.77254,130.992568,7.610615,332.702024
564495000-0,3484.0,19.807911,130.867659,4.56542,72.43676
353399000-0,3490.0,19.786233,131.086093,11.50613,51.639206
416195000-0,3494.0,19.828759,130.934217,16.269659,290.880353
477845500-0,3497.0,19.822277,130.9148,1.440444,167.699997
416003946-0,3497.0,19.811726,131.090738,80.272203,253.511598
574252000-0,3537.0,19.702805,130.886347,41.129203,335.518022
416195000-0,3539.0,19.829966,130.930855,31.360691,137.460692
352852000-0,3542.0,19.811402,131.062653,0.0,113.800003
416003946-0,3553.0,19.805827,131.06956,64.031058,87.53652
311000519-0,3556.0,19.69937,130.976383,4.661278,351.900399
416195000-0,3561.0,19.827616,130.933147,19.715105,339.232964
477845500-0,3564.0,19.82155,130.914847,1.337556,183.300003
564495000-0,3588.0,19.808573,130.869883,88.857605,323.590837
416003942-0,3597.0,19.812486,131.073526,1.480472,52.624065
574252000-0,3609.0,19.715263,130.880321,19.063483,187.03266
353889000-0,3617.0,19.817695,131.072851,27.556628,222.820574
416003946-0,3618.0,19.806653,131.08999,47.547289,300.960722
564495000-0,3620.0,19.819151,130.861591,12.191754,325.855092
416195000-0,3627.0,19.83324,130.93088,7.828553,356.744201
667001464-0,3645.0,19.841855,131.009438,0.720222,259.100006
353399000-0,3658.0,19.791779,131.093539,5.467712,90.63784
477926700-0,3658.0,19.875355,130.933967,5.967556,337.600006
538007530-0,3671.0,19.89898,130.867866,6.813887,193.968296
353889000-0,3674.0,19.812369,131.067605,23.304038,65.740667
416003946-0,3684.0,19.814115,131.076768,11.245439,252.605051
374728000-0,3688.0,19.647396,130.766692,20.622742,33.920676
636091401-0,3689.0,19.779324,130.988848,12.10724,11.019753
477845500-0,3698.0,19.820212,130.914307,1.234667,217.199997
352852000-0,3720.0,19.81139,131.062653,0.051444,218.800003
416003942-0,3729.0,19.813034,131.074289,10.759848,90.590219
311000629-0,3752.0,19.819244,131.06805,9.827149,100.928802
667001464-0,3754.0,19.841807,131.009367,0.411556,303.5
353889000-0,3766.0,19.816441,131.077209,5.029555,100.030808
636091401-0,3771.0,19.783828,130.98978,9.170258,41.278121
374728000-0,3774.0,19.654199,130.77155,10.329847,80.27701
574252000-0,3785.0,19.69987,130.878304,11.547464,175.634855
416003946-0,3792.0,19.812437,131.071074,10.806789,120.278038
352852000-0,3800.0,19.811398,131.062653,0.0,196.300003
311000519-0,3806.0,19.704703,130.975577,8.115986,230.233941
477926700-0,3814.0,19.887792,130.928162,5.916111,334.899994
353889000-0,3831.0,19.816178,131.078791,2.6574,151.332888
416195000-0,3832.0,19.840646,130.930432,16.128718,297.405137
374728000-0,3837.0,19.654707,130.774699,18.996219,19.39925
353399000-0,3841.0,19.791727,131.098455,1.319362,29.473391
416004603-0,3857.0,19.807484,131.077511,10.128127,6.472451
416003942-0,3862.0,19.812966,131.08132,5.855686,82.196809
574252000-0,3865.0,19.695612,130.878649,20.106923,31.504978
477845500-0,3878.0,19.819713,130.91231,1.286111,284.600006
311000629-0,3882.0,19.818124,131.074213,8.763563,115.548219
667001464-0,3890.0,19.841757,131.00938,0.154333,271.5
667001464-0,3898.0,19.84176,131.009382,1.080333,274.299988
374728000-0,3903.0,19.660173,130.776743,24.752743,22.942655
416195000-0,3910.0,19.843323,130.924944,9.122454,313.512069
416003942-0,3927.0,19.813205,131.083173,7.645581,213.148716
574252000-0,3945.0,19.701952,130.882776,30.14529,200.006923
636091401-0,3958.0,19.789785,130.995338,18.808806,105.324805
352852000-0,3981.0,19.811413,131.062653,0.0,308.700012
667001464-0,3983.0,19.84179,131.00943,0.514444,270.600006
574252000-0,3983.0,19.696976,130.880852,11.946906,332.669372
416004603-0,3984.0,19.813392,131.078224,17.680845,125.746318
374728000-0,3988.0,19.669129,130.780769,55.759873,184.865562
416003946-0,3989.0,19.807475,131.080107,21.292625,329.033082
311000629-0,3993.0,19.816185,131.078525,2.005393,3.428509
416003942-0,4016.0,19.810571,131.081345,30.517013,259.505745
353399000-0,4027.0,19.792715,131.099048,8.747533,241.735428
564495000-0,4033.0,19.838414,130.847702,22.665465,33.465797
374728000-0,4034.0,19.657316,130.779701,74.857494,53.27851
574252000-0,4059.0,19.700705,130.878805,26.996299,252.689351
311000519-0,4060.0,19.698607,130.967797,10.495368,48.277837
374728000-0,4069.0,19.664557,130.79001,4.907871,68.888234
477926700-0,4072.0,19.900625,130.922158,5.967556,334.600006
416003942-0,4073.0,19.809107,131.072941,9.378907,158.982899
352852000-0,4093.0,19.811435,131.062653,0.0,308.700012
477250700-0,4096.0,20.113792,130.818999,10.764489,127.967988
416003946-0,4101.0,19.816927,131.074077,9.99351,191.446929
416195000-0,4105.0,19.848984,130.918604,22.356125,341.43914
416004603-0,4116.0,19.807089,131.08753,7.073491,254.048243
416003942-0,4133.0,19.806678,131.073933,3.347489,110.909604
374728000-0,4148.0,19.665202,130.791786,12.70269,36.908357
416195000-0,4151.0,19.853491,130.916995,27.79066,37.863941
574252000-0,4153.0,19.697214,130.86691,25.363377,349.823392
353889000-0,4158.0,19.812653,131.080839,6.620241,214.76274
564495000-0,4165.0,19.849951,130.85581,18.78941,297.734134
352852000-0,4166.0,19.811422,131.062653,0.0,308.700012
311000629-0,4170.0,19.817823,131.078629,14.188722,43.637731
667001464-0,4172.0,19.841722,131.00939,0.205778,248.699997
477845500-0,4184.0,19.823667,130.910263,2.109222,351.700012
538007530-0,4185.0,19.883269,130.86371,9.885364,236.216569
477926700-0,4188.0,19.902013,130.921522,5.967556,337.799988
636091401-0,4194.0,19.784361,131.016368,7.717817,310.65221
311000519-0,4199.0,19.703095,130.973143,11.101633,111.524446
416195000-0,4211.0,19.859576,130.922025,7.802623,210.139842
416003942-0,4215.0,19.806225,131.075193,4.557875,227.42494
416004603-0,4218.0,19.806173,131.084122,7.609568,5.525327
574252000-0,4239.0,19.707138,130.865018,42.391997,181.607772
352852000-0,4241.0,19.811418,131.06268,0.0,51.200001
477845500-0,4245.0,19.824948,130.909932,2.160667,344.5
667001464-0,4268.0,19.841745,131.009425,0.874556,279.5
416195000-0,4277.0,19.857517,130.920754,28.494485,55.83636
311000629-0,4283.0,19.823186,131.084066,4.608414,249.614057
416003946-0,4286.0,19.808551,131.072275,12.389514,55.86262
311000519-0,4295.0,19.701288,130.978011,30.090451,348.800661
477926700-0,4297.0,19.911517,130.917048,5.967556,338.5
574252000-0,4320.0,19.691272,130.864545,10.479467,333.477437
477250700-0,4321.0,20.106904,130.828398,30.122599,201.721036
416195000-0,4344.0,19.862473,130.928518,12.343495,334.21717
374728000-0,4349.0,19.674639,130.799313,38.55048,189.344127
311000519-0,4349.0,19.708656,130.976462,14.721451,343.269873
353889000-0,4360.0,19.807575,131.077093,51.815349,352.768529
477250700-0,4366.0,20.101083,130.825928,10.278405,75.791063
477845500-0,4372.0,19.8272,130.909252,2.212111,341.899994
353399000-0,4384.0,19.785878,131.085536,33.781317,56.147261
374728000-0,4389.0,19.667606,130.798084,32.55885,7.127158
416003942-0,4389.0,19.803745,131.072323,11.644643,269.983115
352852000-0,4391.0,19.811402,131.062667,0.0,258.700012
353889000-0,4397.0,19.816366,131.075907,14.3063,354.360206
477926700-0,4416.0,19.91389,130.915918,5.967556,336.200012
311000519-0,4422.0,19.713413,130.974943,33.986937,211.631276
477926700-0,4446.0,19.926452,130.910135,6.019,337.399994
353889000-0,4453.0,19.820052,131.07552,33.45855,194.163822
416004603-0,4456.0,19.814506,131.084979,7.792392,228.11314
353399000-0,4456.0,19.792141,131.095459,25.033884,232.092999
416003946-0,4458.0,19.814078,131.080941,24.637417,95.439058
477250700-0,4460.0,20.102179,130.830539,25.840288,152.069626
311000519-0,4463.0,19.707929,130.971354,15.111104,211.186108
564495000-0,4466.0,19.862115,130.831207,24.344105,23.404957
311000629-0,4471.0,19.821791,131.080076,9.322747,247.682523
574252000-0,4480.0,19.698207,130.860869,13.378148,222.295099
636091401-0,4492.0,19.791287,131.007796,7.197035,69.531175
477845500-0,4493.0,19.829763,130.9085,2.315,349.700012
538007530-0,4498.0,19.875315,130.85107,17.851773,301.832025
477926700-0,4499.0,19.932978,130.907173,6.019,336.700012
353889000-0,4509.0,19.811654,131.073267,5.275628,259.013244
374728000-0,4509.0,19.685527,130.800464,17.675671,45.164262
416003946-0,4526.0,19.813344,131.089136,11.934808,289.058679
477845500-0,4541.0,19.831003,130.908217,2.366444,350.399994
416195000-0,4548.0,19.872953,130.923135,20.358417,274.478664
416003942-0,4556.0,19.803742,131.062769,9.504919,207.469296
667001464-0,4561.0,19.841648,131.009393,0.926,222.899994
353399000-0,4565.0,19.784391,131.084883,4.428637,27.000168
311000519-0,4577.0,19.701116,130.966975,15.930901,133.477405
477250700-0,4579.0,20.089621,130.837628,7.983598,164.637255
574252000-0,4586.0,19.693358,130.856183,36.718262,185.557888
311000629-0,4597.0,19.819729,131.074736,4.033866,220.028834
538007530-0,4616.0,19.880451,130.842273,8.301165,203.563018
416003942-0,4626.0,19.801013,131.061261,1.726367,223.592859
374728000-0,4648.0,19.693534,130.809018,47.610688,255.141896
416195000-0,4659.0,19.873769,130.912061,11.280052,37.620668
574252000-0,4660.0,19.680857,130.854891,10.804109,344.070865
374728000-0,4660.0,19.692857,130.806306,11.955571,59.906454
311000629-0,4661.0,19.818815,131.07392,11.365058,154.098404
311000519-0,4678.0,19.695999,130.972707,81.856124,356.651586
564495000-0,4688.0,19.885041,130.84176,22.114217,308.789217
416003942-0,4697.0,19.800603,131.060846,5.540893,93.402525
416195000-0,4706.0,19.87571,130.913652,13.50164,328.926343
311000519-0,4715.0,19.709975,130.971838,61.250937,120.042602
352852000-0,4734.0,19.811413,131.062653,0.0,258.399994
353399000-0,4742.0,19.78762,131.086631,14.978174,104.194905
416003946-0,4743.0,19.817253,131.077108,61.732645,128.116403
477845500-0,4745.0,19.834897,130.906835,2.366444,337.700012
353889000-0,4762.0,19.810478,131.06683,19.432117,311.211694
311000629-0,4764.0,19.813948,131.076433,17.211026,328.844078
416003942-0,4767.0,19.800497,131.062748,14.741156,254.542015
564495000-0,4783.0,19.891125,130.83371,19.21028,285.434921
477926700-0,4793.0,19.936377,130.905545,6.070445,336.0
636091401-0,4800.0,19.79487,131.017999,15.560383,148.33504
311000519-0,4803.0,19.6975,130.994747,22.371725,288.767633
574252000-0,4813.0,19.688205,130.852664,39.225671,232.85818
416003946-0,4815.0,19.80457,131.094289,12.063793,327.756377
477250700-0,4822.0,20.080973,130.840158,15.988686,181.103204
353889000-0,4836.0,19.814857,131.061515,6.119946,195.66018
311000629-0,4836.0,19.81885,131.073283,24.930482,94.845477
416003942-0,4845.0,19.79908,131.057304,28.842256,269.665801
352852000-0,4850.0,19.811422,131.062667,0.0,179.800003
636091401-0,4855.0,19.791503,131.020206,12.633978,19.169239
416004603-0,4883.0,19.804236,131.072809,59.418427,78.464302
574252000-0,4883.0,19.680541,130.841919,24.110431,41.473595
667001464-0,4894.0,19.841073,131.008623,0.154333,319.600006
416003942-0,4914.0,19.799026,131.047526,6.915281,252.311352
416004603-0,4915.0,19.805994,131.081962,1.540833,9.491467
636091401-0,4918.0,19.794978,131.02149,33.377434,68.139992
353399000-0,4925.0,19.784512,131.099685,5.29771,288.374971
416003946-0,4925.0,19.809758,131.09081,61.185571,352.146343
538007530-0,4925.0,19.869582,130.837233,24.979581,72.206234
416003946-0,4931.0,19.811439,131.090564,59.536225,274.403664
477926700-0,4945.0,19.944088,130.901972,6.070445,336.299988
374728000-0,4945.0,19.700754,130.820781,11.977046,77.009548
311000629-0,4949.0,19.817749,131.087075,15.983399,164.897309
574252000-0,4956.0,19.686637,130.847641,70.996294,192.694468
352852000-0,4962.0,19.811402,131.06268,0.0,242.199997
477926700-0,4963.0,19.942052,130.902893,6.121889,335.5
416195000-0,4971.0,19.889875,130.904574,22.768678,62.177307
477845500-0,4995.0,19.840065,130.904413,2.366444,338.5
636091401-0,4997.0,19.799516,131.033513,6.035513,262.712731
416003946-0,4998.0,19.812854,131.071022,2.726291,23.579679
477250700-0,5014.0,20.066786,130.839867,48.13022,125.580187
574252000-0,5016.0,19.667427,130.843046,23.972616,343.259366
311000519-0,5021.0,19.704751,130.972074,57.014464,51.719198
477926700-0,5029.0,19.945115,130.90154,6.070445,337.0
416195000-0,5030.0,19.892774,130.910414,19.51316,273.612664
538007530-0,5032.0,19.873358,130.849742,24.437375,216.971649
374728000-0,5034.0,19.701861,130.825881,19.789719,21.955438
416004603-0,5037.0,19.806851,131.082114,2.635333,320.963389
352852000-0,5037.0,19.811385,131.062653,0.051444,143.199997
564495000-0,5044.0,19.897292,130.809951,33.659145,60.880792
477250700-0,5053.0,20.061737,130.847379,18.756156,283.812049
353889000-0,5066.0,19.808592,131.059648,12.308781,306.860019
311000519-0,5072.0,19.713078,130.983282,8.099095,135.842706
311000629-0,5080.0,19.808405,131.089756,23.290379,77.415091
477926700-0,5085.0,19.948532,130.899922,6.070445,334.899994
538007530-0,5095.0,19.867672,130.845191,17.283931,326.185732
477250700-0,5099.0,20.062689,130.843256,9.59113,189.35852
416195000-0,5100.0,19.893171,130.903713,13.347223,41.184978
574252000-0,5103.0,19.676659,130.840097,21.373632,186.639391
416003942-0,5118.0,19.797045,131.040923,2.993482,272.602088
564495000-0,5121.0,19.903121,130.821082,30.295092,319.200888
477845500-0,5125.0,19.842302,130.903147,2.315,327.200012
374728000-0,5129.0,19.709922,130.829332,13.633102,100.376445
311000629-0,5144.0,19.809906,131.096903,105.801823,261.443036
352852000-0,5144.0,19.811422,131.062627,0.0,131.300003
477926700-0,5153.0,19.95157,130.898513,6.121889,337.0
477845500-0,5162.0,19.844205,130.902032,2.315,330.600006
574252000-0,5164.0,19.670673,130.839357,30.427202,110.96477
636091401-0,5176.0,19.798882,131.028248,3.221391,106.925322
538007530-0,5177.0,19.873115,130.841314,4.590174,219.607022
564495000-0,5182.0,19.909588,130.815145,44.256265,355.827428
311000629-0,5187.0,19.806776,131.0748,20.070237,17.421375
353889000-0,5192.0,19.812893,131.053551,48.747937,157.12751
477926700-0,5201.0,19.954633,130.897188,6.070445,337.299988
574252000-0,5205.0,19.668609,130.845076,15.444775,226.094382
311000629-0,5220.0,19.809697,131.075774,10.055574,244.120647
416003942-0,5224.0,19.797111,131.039366,12.008986,252.845207
477250700-0,5224.0,20.057221,130.842297,11.615845,153.400256
477845500-0,5230.0,19.844523,130.901812,2.315,324.299988
564495000-0,5236.0,19.920606,130.814291,10.015772,341.046606
416195000-0,5236.0,19.899486,130.909589,11.929631,317.11531
353889000-0,5245.0,19.801889,131.058485,13.705575,280.551107
352852000-0,5257.0,19.811438,131.062627,0.154333,314.700012
477926700-0,5275.0,19.957747,130.895705,6.070445,335.299988
374728000-0,5278.0,19.70823,130.839143,12.80237,26.34142
416004603-0,5355.0,19.80986,131.079521,45.509305,109.834896
477845500-0,5365.0,19.85023,130.896622,2.212111,315.899994
416003946-0,5376.0,19.81722,131.073048,12.37045,35.378645
667001464-0,5381.0,19.84033,131.001733,3.241,278.399994
416004603-0,5435.0,19.804148,131.096347,10.769087,274.038365
416003942-0,5453.0,19.793361,131.026457,11.755981,251.779191
353399000-0,5470.0,19.788719,131.086224,19.216098,92.238185
416003946-0,5553.0,19.825472,131.079277,17.235246,198.440772
667001464-0,5555.0,19.838735,130.996165,3.652555,241.399994
477845500-0,5560.0,19.85291,130.89358,2.109222,312.399994
416003942-0,5564.0,19.791475,131.020368,1.862038,251.020227
311000629-0,5565.0,19.802697,131.060439,14.497901,90.184039
311000519-0,5571.0,19.699675,130.997105,33.074218,276.77786
416005577-0,5580.0,19.801637,131.076885,13.697569,347.958222
477250700-0,5602.0,20.039073,130.85197,15.791076,154.849533
538007530-0,5604.0,19.866135,130.835173,54.343735,264.972173
416195000-0,5608.0,19.914517,130.894741,9.649972,37.215602
477503000-0,5610.0,19.886486,130.929704,6.65162,96.68152
667001464-0,5618.0,19.838182,130.9944,2.623667,231.0
416004603-0,5623.0,19.804807,131.086425,10.450901,41.764015
564495000-0,5636.0,19.938121,130.807892,52.963049,347.483808
353399000-0,5645.0,19.788111,131.102732,5.652277,11.336641
574252000-0,5649.0,19.646626,130.820825,8.939708,286.933185
416005577-0,5650.0,19.805972,131.075902,1.955138,252.869551
538007530-0,5661.0,19.864879,130.820007,18.1205,163.308166
636091401-0,5663.0,19.796771,131.035621,11.715408,19.825423
311000519-0,5665.0,19.70137,130.981947,381.548497,206.757242
374728000-0,5667.0,19.72886,130.849995,10.514172,44.53833
311000629-0,5667.0,19.802674,131.067704,28.608729,271.669933
311000519-0,5669.0,19.695071,130.978574,41.337413,42.283029
416195000-0,5671.0,19.916755,130.896549,9.95643,18.069584
352852000-0,5677.0,19.811393,131.062653,0.0,202.300003
477845500-0,5679.0,19.854492,130.8918,2.057778,314.700012
563256000-0,5687.0,20.0021,130.75595,5.504556,274.0
477250700-0,5693.0,20.03306,130.854975,12.404502,150.22896
564495000-0,5702.0,19.953895,130.804167,31.05812,230.249222
416124000-0,5703.0,19.8484,131.03855,4.588255,285.445599
667001464-0,5719.0,19.839397,130.998375,2.983778,257.899994
477160200-0,5727.0,19.784729,131.089807,15.202394,344.870157
416003946-0,5734.0,19.811792,131.074429,7.339561,218.563186
311000519-0,5738.0,19.704825,130.987996,28.726477,229.62809
416195000-0,5740.0,19.919774,130.897596,10.774225,327.314323
416003945-0,5750.0,19.81434,131.078275,46.203963,171.417589
574252000-0,5755.0,19.647901,130.816376,21.881818,62.32663
667001464-0,5761.0,19.837427,130.992808,2.829444,233.0
416005577-0,5763.0,19.805671,131.074865,0.287556,227.455346
353889000-0,5768.0,19.807953,131.023862,9.188279,202.742487
477926700-0,5775.0,19.983828,130.884912,6.121889,351.899994
563256000-0,5778.0,20.003367,130.751417,5.144444,290.0
416004603-0,5779.0,19.810428,131.09176,11.857106,253.129875
564495000-0,5780.0,19.946734,130.795008,27.387567,15.098738
477845500-0,5783.0,19.856482,130.889565,2.057778,309.799988
311000519-0,5792.0,19.70018,130.982193,15.527225,6.710093
311000629-0,5797.0,19.803175,131.04944,24.280344,345.699716
416003945-0,5810.0,19.801669,131.080307,34.816476,1.746752
416003942-0,5814.0,19.790775,131.018205,8.132708,263.808206
636091401-0,5816.0,19.804566,131.038608,39.758877,164.906316
416124000-0,5819.0,19.849055,131.036029,25.708814,10.873021
353399000-0,5823.0,19.792671,131.103703,5.591163,232.375576
353889000-0,5824.0,19.805759,131.022885,10.781668,246.100194
574252000-0,5826.0,19.651236,130.823129,56.947161,2.203721
667001464-0,5832.0,19.835928,130.989458,3.704,246.899994
636091401-0,5837.0,19.800839,131.039676,9.744664,186.255523
538007530-0,5837.0,19.850758,130.824508,8.401474,216.024831
416004603-0,5850.0,19.809299,131.087802,13.024408,225.406743
311000519-0,5856.0,19.704742,130.982763,17.63131,145.147921
311000629-0,5860.0,19.810026,131.047583,38.619014,239.465343
374728000-0,5863.0,19.73565,130.857093,21.274175,39.038999
563256000-0,5867.0,20.0021,130.75595,5.504556,274.0
574252000-0,5875.0,19.664126,130.823656,50.557921,178.892781
352852000-0,5876.0,19.811528,131.062667,0.0,355.700012
416124000-0,5879.0,19.856057,131.037459,17.53846,320.406049
416195000-0,5879.0,19.9256,130.89362,11.964258,317.166239
636091401-0,5900.0,19.798018,131.039348,28.538671,72.013775
477503000-0,5903.0,19.885438,130.939219,198.061696,194.06098
477926700-0,5904.0,19.993438,130.882362,6.224778,346.600006
311000629-0,5904.0,19.806035,131.040393,73.198182,90.099407
311000519-0,5914.0,19.700863,130.985633,35.89146,107.104718
477845500-0,5916.0,19.857803,130.888015,2.263556,321.100006
477160200-0,5920.0,19.797822,131.086045,8.732401,177.514312
477503000-0,5923.0,19.867675,130.934489,23.973495,14.279654
416003945-0,5930.0,19.820973,131.080933,15.441528,172.147941
416124000-0,5940.0,19.859868,131.034108,13.225238,118.74377
564495000-0,5944.0,19.96678,130.800762,26.040987,243.5243
574252000-0,5944.0,19.648003,130.823987,25.413119,285.389028
538007530-0,5946.0,19.847335,130.821862,22.232601,300.066105
636091401-0,5954.0,19.800218,131.046549,22.205055,36.943792
564395000-0,5959.0,19.814737,130.986568,26.436792,123.106267
311000629-0,5959.0,19.806002,131.060172,175.221928,271.787262
311000519-0,5961.0,19.698569,130.993549,21.562387,261.077999
667001464-0,5965.0,19.83451,130.985595,3.292444,248.399994
416004603-0,5971.0,19.804184,131.082288,31.063726,289.142372
311000629-0,5977.0,19.806456,131.044684,38.903779,245.207484
563256000-0,5986.0,20.006817,130.744883,2.778,306.0
416003945-0,5990.0,19.81673,131.081555,2.370873,286.765478
477845500-0,5993.0,19.858837,130.886888,2.212111,308.899994
352852000-0,5993.0,19.811357,131.062693,0.051444,144.5
565028000-0,5995.0,19.857053,131.036268,6.291401,178.635974
667001464-0,5995.0,19.834578,130.985998,3.138111,262.299988
564495000-0,6004.0,19.963559,130.793883,31.568656,346.341518
416003942-0,6005.0,19.790001,131.010618,19.414494,101.092427
416124000-0,6005.0,19.857957,131.037812,27.822139,213.801355
353889000-0,6005.0,19.802104,131.014119,16.89124,210.081584
416003946-0,6007.0,19.80455,131.068292,7.186927,94.268789
374728000-0,6011.0,19.746954,130.866833,8.665901,146.564504
416005577-0,6019.0,19.805441,131.074598,3.771213,41.851772
477503000-0,6030.0,19.879167,130.937599,66.487117,187.521924
374728000-0,6034.0,19.746185,130.867373,45.466682,102.120511
416004603-0,6035.0,19.807198,131.07306,34.939466,45.272081
311000629-0,6036.0,19.802007,131.034446,14.801224,91.834136
352852000-0,6037.0,19.81145,131.06276,0.051444,279.5
311000519-0,6046.0,19.697255,130.984659,5.147831,71.493553
477160200-0,6059.0,19.792216,131.086304,19.919634,202.539258
477503000-0,6060.0,19.870026,130.936316,22.086458,51.306563
353889000-0,6066.0,19.797983,131.011582,22.843715,303.797102
636091401-0,6069.0,19.809652,131.05409,8.764507,108.652515
667001464-0,6069.0,19.834263,130.984108,3.601111,244.399994
574252000-0,6069.0,19.651899,130.808954,30.717657,189.566125
416003942-0,6075.0,19.788792,131.01717,8.436855,263.17412
477250700-0,6079.0,20.013847,130.866672,10.154437,138.441203
374728000-0,6079.0,19.744199,130.877197,79.768392,260.650949
416124000-0,6080.0,19.849942,131.032107,1.840172,114.014943
416004603-0,6084.0,19.812767,131.079037,15.595097,201.553207
416005577-0,6091.0,19.806376,131.075488,9.019152,178.755465
374728000-0,6095.0,19.743241,130.871012,29.176485,26.919962
311000629-0,6098.0,19.801871,131.038953,35.9315,246.650858
477926700-0,6101.0,20.001977,130.879747,6.276222,342.799988
352852000-0,6102.0,19.81141,131.062627,0.0,216.199997
477845500-0,6107.0,19.86048,130.885025,2.160667,307.399994
564495000-0,6121.0,19.98015,130.789594,16.653103,286.690205
667001464-0,6123.0,19.833918,130.982303,2.675111,261.299988
416003942-0,6134.0,19.788518,131.014742,38.954239,85.278503
564395000-0,6135.0,19.802988,131.005717,7.179961,316.669812
636091401-0,6136.0,19.808784,131.056824,19.030024,149.244769
416003942-0,6156.0,19.788844,131.018938,5.975277,331.713719
311000629-0,6162.0,19.797657,131.02858,41.226348,348.555977
477503000-0,6163.0,19.876599,130.945043,40.979675,213.941528
574252000-0,6174.0,19.637197,130.806323,10.16266,349.941488
416195000-0,6175.0,19.937604,130.881781,11.964258,317.166239
353889000-0,6176.0,19.804444,131.001322,13.863847,242.927812
564495000-0,6185.0,19.981565,130.784572,14.101624,311.345642
416004603-0,6189.0,19.805727,131.076081,12.217935,38.347999
636091401-0,6200.0,19.803945,131.059883,26.268203,81.559999
477250700-0,6205.0,20.009422,130.870847,14.535531,170.222508
416003946-0,6213.0,19.80404,131.075546,15.985361,29.820422
416003942-0,6218.0,19.790352,131.018075,28.686925,96.399503
352852000-0,6224.0,19.811503,131.062667,0.0,194.100006
352852000-0,6226.0,19.811365,131.062627,0.051444,238.199997
353889000-0,6229.0,19.802898,130.998108,55.442751,155.219222
416003942-0,6236.0,19.790086,131.020596,34.871967,262.948849
311000629-0,6238.0,19.811853,131.025526,26.893879,208.988461
538007530-0,6238.0,19.862367,130.794248,27.59877,155.315408
477845500-0,6242.0,19.862232,130.883013,2.160667,311.600006
574252000-0,6244.0,19.640435,130.805713,45.322506,125.769255
477503000-0,6245.0,19.863713,130.935822,8.123463,109.294038
477926700-0,6249.0,20.011983,130.875843,6.173333,338.5
353889000-0,6250.0,19.798011,131.000506,9.695468,71.403695
416124000-0,6254.0,19.849339,131.033545,13.092231,52.69435
667001464-0,6261.0,19.833128,130.977888,3.446778,264.0
636091401-0,6268.0,19.805157,131.068564,16.940473,243.481954
416003942-0,6268.0,19.789453,131.015156,52.772476,65.315221
416005577-0,6269.0,19.798956,131.07566,9.253813,38.458011
416004603-0,6272.0,19.809403,131.079172,4.657898,278.917287
416003945-0,6280.0,19.817647,131.07832,16.631911,193.373722
477160200-0,6287.0,19.772826,131.077752,69.042011,25.079335
353889000-0,6297.0,19.798683,131.002627,131.807696,246.591253
416003942-0,6304.0,19.79312,131.023636,37.769592,67.021736
574252000-0,6304.0,19.633087,130.816542,11.929593,248.674492
353889000-0,6310.0,19.795536,130.994902,2.642788,119.418985
636091401-0,6315.0,19.803514,131.065064,37.05733,54.889659
564395000-0,6316.0,19.807358,131.001336,6.874769,101.155076
311000519-0,6330.0,19.6994,130.991466,16.238565,34.515266
352852000-0,6333.0,19.811342,131.062693,0.051444,215.199997
374728000-0,6335.0,19.772101,130.886585,64.089553,149.145046
565028000-0,6352.0,19.846674,131.036531,4.93407,336.831165
538007530-0,6354.0,19.84892,130.800818,21.184079,254.913668
374728000-0,6358.0,19.766252,130.890298,14.287592,98.047003
477250700-0,6361.0,19.999092,130.872741,5.413228,199.721228
416124000-0,6363.0,19.853337,131.039123,13.15871,228.209787
416003942-0,6369.0,19.79755,131.03474,94.565613,242.449814
667001464-0,6371.0,19.832933,130.973715,3.549667,256.700012
311000629-0,6373.0,19.797172,131.016881,39.245018,349.986729
353399000-0,6374.0,19.783977,131.091717,11.460824,322.511896
353889000-0,6375.0,19.795146,130.995637,24.386783,291.580651
477926700-0,6376.0,20.016172,130.874085,6.276222,338.600006
636091401-0,6377.0,19.809622,131.074299,14.746855,247.993803
416003942-0,6385.0,19.794315,131.02815,267.901941,29.188642
416003942-0,6389.0,19.79864,131.030718,2.567672,31.052178
311000519-0,6392.0,19.703235,130.994267,23.471171,91.94566
352852000-0,6397.0,19.811472,131.062733,0.0,87.099998
416005577-0,6402.0,19.803411,131.07942,11.201556,215.381308
416003946-0,6406.0,19.816413,131.083084,3.405352,151.795766
374728000-0,6408.0,19.765789,130.893773,31.834014,175.794344
564495000-0,6416.0,19.991512,130.772543,16.550052,11.735108
477845500-0,6417.0,19.865062,130.88056,2.109222,324.600006
477160200-0,6418.0,19.810692,131.096588,9.779021,213.050478
477503000-0,6421.0,19.861529,130.942454,17.459007,199.572351
416003945-0,6424.0,19.806876,131.075599,50.963993,19.386613
538007530-0,6430.0,19.846983,130.793179,14.58966,64.091232
416124000-0,6432.0,19.85054,131.035796,5.691911,315.901964
416004603-0,6434.0,19.809944,131.07551,9.764278,358.658356
311000629-0,6434.0,19.80807,131.014836,50.460627,136.108674
353889000-0,6439.0,19.7978,130.988507,10.806141,263.174137
667001464-0,6439.0,19.832943,130.971595,3.806889,269.899994
636091401-0,6444.0,19.807911,131.069798,32.978607,44.861689
311000519-0,6453.0,19.70301,131.001293,25.399585,216.433657
352852000-0,6458.0,19.811458,131.062733,0.0,350.200012
477503000-0,6468.0,19.857955,130.941103,177.825121,153.58701
311000629-0,6475.0,19.801178,131.021883,7.609814,162.420825
374728000-0,6475.0,19.755957,130.894541,59.541058,38.964332
477503000-0,6481.0,19.848384,130.946157,12.798126,266.458031
477250700-0,6481.0,19.996266,130.871663,17.462085,171.699372
416003945-0,6488.0,19.821098,131.080919,1.73686,200.260949
667001464-0,6496.0,19.833172,130.969475,3.446778,265.5
374728000-0,6499.0,19.761093,130.898955,22.728727,229.455804
564395000-0,6501.0,19.80622,131.007466,6.054155,315.309984
416004603-0,6507.0,19.813238,131.075428,6.786846,41.037479
416003942-0,6515.0,19.799921,131.031537,12.877248,86.073139
636091401-0,6515.0,19.815582,131.077913,15.327198,183.571028
311000519-0,6519.0,19.696775,130.996405,5.176789,281.840598
416005577-0,6526.0,19.798176,131.075469,4.995036,350.590969
352852000-0,6529.0,19.811458,131.062653,0.051444,222.5
353399000-0,6542.0,19.791039,131.08596,6.227901,103.469832
565028000-0,6543.0,19.850679,131.034708,0.863915,92.609453
311000629-0,6543.0,19.798897,131.022651,55.728158,295.290305
563256000-0,6546.0,20.01265,130.7422,1.800556,4.0
477503000-0,6554.0,19.848118,130.941574,39.332633,156.480881
477926700-0,6568.0,20.026748,130.869633,6.224778,337.200012
374728000-0,6570.0,19.756244,130.892932,109.946376,19.35236
416004603-0,6575.0,19.814847,131.076916,31.259269,147.92086
538007530-0,6577.0,19.851315,130.80266,41.018778,253.774846
416003942-0,6582.0,19.800194,131.035766,4.492524,48.329094
353889000-0,6602.0,19.796832,130.979915,21.622705,284.008674
374728000-0,6602.0,19.771588,130.898658,81.374146,173.295799
311000629-0,6608.0,19.80605,131.006559,39.748399,213.746157
636091401-0,6615.0,19.808511,131.077444,56.64315,357.374953
477926700-0,6617.0,20.030818,130.867807,6.276222,336.399994
416124000-0,6628.0,19.854244,131.031981,9.315203,86.115148
374728000-0,6628.0,19.761875,130.899872,18.009033,45.35138
416004603-0,6634.0,19.807623,131.081729,8.621506,23.1636
477503000-0,6638.0,19.834114,130.948053,43.884767,43.113554
538007530-0,6642.0,19.84787,130.790079,7.894076,80.149878
477250700-0,6645.0,19.983166,130.873697,14.501936,125.628749
636091401-0,6648.0,19.817142,131.077024,109.241683,118.657674
311000519-0,6649.0,19.697414,130.993171,11.982168,84.317886
353889000-0,6654.0,19.79809,130.974555,1.664565,35.586703
352852000-0,6658.0,19.811402,131.062733,0.0,250.5
416003945-0,6658.0,19.819818,131.080416,6.203086,164.706227
416003942-0,6658.0,19.801243,131.037019,20.899292,86.121601
311000629-0,6670.0,19.796578,130.999834,7.553947,342.872527
574252000-0,6673.0,19.625686,130.796418,11.929593,248.674492
477845500-0,6674.0,19.867752,130.878153,0.977444,307.100006
564395000-0,6675.0,19.809682,131.003826,7.354107,223.49156
636091401-0,6677.0,19.810119,131.090682,103.034388,311.928068
667001464-0,6678.0,19.834283,130.962107,3.806889,286.799988
477926700-0,6688.0,20.033045,130.866938,6.224778,339.0
477503000-0,6706.0,19.844183,130.958076,52.142365,261.545751
538007530-0,6707.0,19.848276,130.792563,43.667983,166.32059
636091401-0,6716.0,19.82253,131.075992,14.140749,213.063633
565028000-0,6718.0,19.850647,131.035451,5.192862,15.982113
477250700-0,6720.0,19.980238,130.878045,6.045182,136.311715
416003942-0,6720.0,19.801648,131.043371,21.706887,257.710334
416004603-0,6727.0,19.811031,131.083279,26.801482,304.190537
311000519-0,6729.0,19.697852,130.997854,18.464645,247.635426
311000629-0,6733.0,19.79868,130.999145,24.806923,270.904623
416124000-0,6735.0,19.854556,131.036868,15.892376,347.981613
374728000-0,6736.0,19.768193,130.906668,6.251198,97.450796
667001464-0,6737.0,19.83445,130.961378,3.446778,295.700012
353889000-0,6741.0,19.798634,130.974969,19.413443,243.727129
477926700-0,6751.0,20.036145,130.86551,6.224778,334.600006
477503000-0,6754.0,19.842482,130.94591,6.738846,148.620896
416005577-0,6762.0,19.803552,131.074522,2.219805,32.030189
416003946-0,6767.0,19.811405,131.085939,14.313121,179.801731
416003942-0,6769.0,19.800602,131.038265,22.088644,90.683506
538007530-0,6789.0,19.832194,130.796724,34.722579,296.078671
636091401-0,6790.0,19.818476,131.073187,54.490469,58.885509
353889000-0,6792.0,19.796608,130.970607,12.448957,255.919206
667001464-0,6800.0,19.835655,130.95968,3.858333,329.899994
416124000-0,6801.0,19.859298,131.035795,4.985359,110.772041
416004603-0,6810.0,19.816809,131.074237,1.385983,342.782439
477926700-0,6813.0,20.039283,130.8641,6.276222,338.399994
636091401-0,6847.0,19.825895,131.086254,166.502859,228.74546
477926700-0,6853.0,20.043363,130.862315,6.276222,337.100006
667001464-0,6853.0,19.837513,130.958653,4.424222,351.799988
563256000-0,6855.0,20.018383,130.74315,1.234667,6.0
311000629-0,6858.0,19.798905,130.983913,150.469999,22.397802
538007530-0,6863.0,19.837415,130.785383,23.546979,241.05361
636091401-0,6867.0,19.815744,131.073953,16.758946,167.910148
311000519-0,6868.0,19.693338,130.986201,9.085122,334.869235
477845500-0,6868.0,19.868447,130.877038,0.565889,300.5
311000629-0,6874.0,19.809195,130.98842,69.005372,224.109078
477926700-0,6876.0,20.042423,130.86273,6.276222,336.600006
477250700-0,6880.0,19.977005,130.881331,25.566326,182.824439
565028000-0,6900.0,19.854847,131.03673,2.778765,258.952469
563256000-0,6907.0,20.01925,130.7434,1.852,13.0
636091401-0,6914.0,19.812184,131.074763,19.320079,62.022451
477845500-0,6916.0,19.868608,130.876833,0.308667,312.899994
311000629-0,6916.0,19.799575,130.978509,10.515882,330.857613
538007530-0,6916.0,19.834622,130.780017,2.692912,226.97005
416124000-0,6923.0,19.858301,131.03859,2.534984,156.720116
667001464-0,6923.0,19.834968,130.960372,3.652555,306.899994
416005577-0,6927.0,19.804988,131.075477,13.63759,2.470602
416003942-0,6932.0,19.800402,131.055953,22.574649,277.127323
416004603-0,6937.0,19.817586,131.073981,39.087552,277.361983
374728000-0,6941.0,19.767425,130.91291,38.463392,18.146739
416003946-0,6941.0,19.799893,131.085981,16.487774,275.497458
353889000-0,6944.0,19.79448,130.961591,16.385946,336.954536
564495000-0,6947.0,20.031285,130.781337,40.130661,314.950856
477503000-0,6949.0,19.837296,130.949272,115.227144,121.723204
477160200-0,6963.0,19.790041,131.082309,9.291975,79.71505
477250700-0,6965.0,19.966971,130.880804,12.513558,238.710399
477503000-0,6970.0,19.831414,130.959386,23.213341,215.7761
477845500-0,6979.0,19.868185,130.877465,0.668778,303.399994
311000519-0,6983.0,19.69771,130.984022,34.914634,19.547053
416004603-0,6987.0,19.818744,131.064458,38.869925,80.928103
352852000-0,6990.0,19.81137,131.062693,0.051444,241.199997
667001464-0,6991.0,19.839348,130.957568,4.321333,338.200012
416003942-0,6993.0,19.801192,131.049239,9.45695,95.240132
563256000-0,7004.0,20.020583,130.74375,1.697667,19.0
477503000-0,7011.0,19.827845,130.956652,1.134778,95.182339
477250700-0,7026.0,19.965139,130.877596,10.62358,266.760191
636091401-0,7031.0,19.817085,131.084572,92.064409,305.496284
311000629-0,7031.0,19.804458,130.975616,32.968915,195.492783
416003945-0,7035.0,19.809391,131.083447,26.295033,255.241049
374728000-0,7036.0,19.783475,130.918501,38.463392,18.146739
667001464-0,7039.0,19.841148,130.956302,4.527111,341.0
311000519-0,7041.0,19.706531,130.987349,47.260651,138.962172
416005577-0,7043.0,19.812293,131.075812,46.78915,175.184538
416004603-0,7046.0,19.820415,131.075585,17.181137,348.751163
477503000-0,7046.0,19.827828,130.956847,24.117137,127.364345
353889000-0,7052.0,19.802007,130.958187,22.236308,243.966375
636091401-0,7057.0,19.82351,131.074996,92.064409,305.496284
565028000-0,7061.0,19.854451,131.034572,2.778765,258.952469
477926700-0,7069.0,20.053022,130.85803,6.430555,336.700012
477503000-0,7072.0,19.826069,130.959295,2.277395,30.23544
416003942-0,7083.0,19.800833,131.053403,9.45695,95.240132
352852000-0,7090.0,19.811342,131.06272,0.051444,354.0
416124000-0,7091.0,19.856493,131.039417,7.175092,197.902497
311000629-0,7093.0,19.795352,130.972933,66.459324,282.371188
477250700-0,7096.0,19.964944,130.873945,10.62358,266.760191
416004603-0,7097.0,19.824387,131.074745,7.274074,310.197858
416003945-0,7099.0,19.807409,131.075451,17.333747,6.251665
416005577-0,7108.0,19.798285,131.077066,46.78915,175.184538
311000519-0,7114.0,19.694502,130.99847,47.260651,138.962172
416003946-0,7122.0,19.801214,131.071387,16.487774,275.497458
416004603-0,7134.0,19.82519,131.073735,7.274074,310.197858
353399000-0,7137.0,19.787048,131.103663,6.227901,103.469832
564395000-0,7140.0,19.798214,130.992263,7.354107,223.49156
477926700-0,7141.0,20.057292,130.856117,6.379111,336.299988
311000629-0,7142.0,19.798576,130.957306,66.459324,282.371188
353889000-0,7153.0,19.797451,130.948273,65.678406,79.446681
416124000-0,7157.0,19.85441,131.038701,7.175092,197.902497
477845500-0,7161.0,19.869072,130.87673,0.617333,30.1
477160200-0,7166.0,19.791598,131.091427,9.291975,79.71505
538007530-0,7168.0,19.832482,130.777579,2.692912,226.97005
353889000-0,7176.0,19.79873,130.955569,65.678406,79.446681
477503000-0,7182.0,19.82707,130.959915,2.277395,30.23544
564495000-0,7195.0,20.063785,130.746675,40.130661,314.950856
477926700-0,7196.0,20.06047,130.854647,6.379111,338.299988
416003945-0,7199.0,19.815374,131.076379,17.333747,6.251665
